word,def,시도명,시군구명,금연구역구분,금연구역지정근거명,금연구역면적,위반과태료,위반신고전화번호,소재지도로명주소,소재지지번주소,관리기관명,위도,경도,데이터기준일자
관교어린이공원,공원 전체,인천광역시,미추홀구,도시공원,인천광역시 미추홀구 간접흡연 피해방지에 관한 조례,1698.7,30000,032-880-5413,,인천광역시 미추홀구 관교동 471,인천광역시 미추홀구청,37.4459306,126.6908682,2021-05-31
관선어린이공원,공원 전체,인천광역시,미추홀구,도시공원,인천광역시 미추홀구 간접흡연 피해방지에 관한 조례,1610.6,30000,032-880-5413,,인천광역시 미추홀구 문학동 383-7,인천광역시 미추홀구청,37.4378587,126.6874889,2021-05-31
관청어린이공원,공원 전체,인천광역시,미추홀구,도시공원,인천광역시 미추홀구 간접흡연 피해방지에 관한 조례,1485.6,30000,032-880-5413,,인천광역시 미추홀구 문학동 336-6,인천광역시 미추홀구청,37.43979417,126.6805552,2021-05-31
나리어린이공원,공원 전체,인천광역시,미추홀구,도시공원,인천광역시 미추홀구 간접흡연 피해방지에 관한 조례,1504,30000,032-880-5413,,인천광역시 미추홀구 학익동 52-7,인천광역시 미추홀구청,,,2021-05-31
낙섬어린이공원,공원 전체,인천광역시,미추홀구,도시공원,인천광역시 미추홀구 간접흡연 피해방지에 관한 조례,655.7,30000,032-880-5413,,인천광역시 미추홀구 용현동 621-38,인천광역시 미추홀구청,,,2021-05-31
노적어린이공원,공원 전체,인천광역시,미추홀구,도시공원,인천광역시 미추홀구 간접흡연 피해방지에 관한 조례,2426.5,30000,032-880-5413,,인천광역시 미추홀구 학익동 712,인천광역시 미추홀구청,,,2021-05-31
다솔어린이공원,공원 전체,인천광역시,미추홀구,도시공원,인천광역시 미추홀구 간접흡연 피해방지에 관한 조례,2370.2,30000,032-880-5413,,인천광역시 미추홀구 주안동 1619,인천광역시 미추홀구청,,,2021-05-31
도천어린이공원,공원 전체,인천광역시,미추홀구,도시공원,인천광역시 미추홀구 간접흡연 피해방지에 관한 조례,1800,30000,032-880-5413,,인천광역시 미추홀구 문학동 351-1,인천광역시 미추홀구청,37.4388732,126.6782708,2021-05-31
동화어린이공원,공원 전체,인천광역시,미추홀구,도시공원,인천광역시 미추홀구 간접흡연 피해방지에 관한 조례,1555.7,30000,032-880-5413,,인천광역시 미추홀구 도화동 460,인천광역시 미추홀구청,,,2021-05-31
두리어린이공원,공원 전체,인천광역시,미추홀구,도시공원,인천광역시 미추홀구 간접흡연 피해방지에 관한 조례,1052.2,30000,032-880-5413,,인천광역시 미추홀구 주안동 923-3,인천광역시 미추홀구청,,,2021-05-31
매소홀어린이공원,공원 전체,인천광역시,미추홀구,도시공원,인천광역시 미추홀구 간접흡연 피해방지에 관한 조례,3006.9,30000,032-880-5413,,인천광역시 미추홀구 학익동 738,인천광역시 미추홀구청,,,2021-05-31
모리포어린이공원,공원 전체,인천광역시,미추홀구,도시공원,인천광역시 미추홀구 간접흡연 피해방지에 관한 조례,5589.7,30000,032-880-5413,,인천광역시 미추홀구 학익동 721-6,인천광역시 미추홀구청,,,2021-05-31
묵동어린이공원,공원 전체,인천광역시,미추홀구,도시공원,인천광역시 미추홀구 간접흡연 피해방지에 관한 조례,1500,30000,032-880-5413,,인천광역시 미추홀구 학익동 677-3,인천광역시 미추홀구청,,,2021-05-31
미니어린이공원,공원 전체,인천광역시,미추홀구,도시공원,인천광역시 미추홀구 간접흡연 피해방지에 관한 조례,1653.2,30000,032-880-5413,,인천광역시 미추홀구 주안동 1501,인천광역시 미추홀구청,,,2021-05-31
미추홀근린공원,공원 전체,인천광역시,미추홀구,도시공원,인천광역시 미추홀구 간접흡연 피해방지에 관한 조례,38950,30000,032-880-5413,,"인천광역시 미추홀구 주안3,학익2동 일원",인천광역시 미추홀구청,,,2021-05-31
보람어린이공원,공원 전체,인천광역시,미추홀구,도시공원,인천광역시 미추홀구 간접흡연 피해방지에 관한 조례,685.2,30000,032-880-5413,,인천광역시 미추홀구 용현동 622-34,인천광역시 미추홀구청,,,2021-05-31
사미어린이공원,공원 전체,인천광역시,미추홀구,도시공원,인천광역시 미추홀구 간접흡연 피해방지에 관한 조례,1652,30000,032-880-5413,,인천광역시 미추홀구 주안동 1418-93,인천광역시 미추홀구청,37.45008774,126.6727097,2021-05-31
산성어린이공원,공원 전체,인천광역시,미추홀구,도시공원,인천광역시 미추홀구 간접흡연 피해방지에 관한 조례,2461.2,30000,032-880-5413,,인천광역시 미추홀구 문학동 403-15,인천광역시 미추홀구청,37.43919493,126.6847274,2021-05-31
삼호어린이공원,공원 전체,인천광역시,미추홀구,도시공원,인천광역시 미추홀구 간접흡연 피해방지에 관한 조례,3933.3,30000,032-880-5413,,인천광역시 미추홀구 문학동 360,인천광역시 미추홀구청,37.4379823,126.6803012,2021-05-31
새싹어린이공원,공원 전체,인천광역시,미추홀구,도시공원,인천광역시 미추홀구 간접흡연 피해방지에 관한 조례,718.3,30000,032-880-5413,,인천광역시 미추홀구 용현동 623-141,인천광역시 미추홀구청,,,2021-05-31
석바위근린공원,공원 전체,인천광역시,미추홀구,도시공원,인천광역시 미추홀구 간접흡연 피해방지에 관한 조례,47004.8,30000,032-880-5413,,인천광역시 미추홀구 주안동 1578 일원,인천광역시 미추홀구청,,,2021-05-31
선비어린이공원,공원 전체,인천광역시,미추홀구,도시공원,인천광역시 미추홀구 간접흡연 피해방지에 관한 조례,3150,30000,032-880-5413,,인천광역시 미추홀구 학익동 51,인천광역시 미추홀구청,37.44151017,126.6756033,2021-05-31
소성어린이공원,공원 전체,인천광역시,미추홀구,도시공원,인천광역시 미추홀구 간접흡연 피해방지에 관한 조례,1486.8,30000,032-880-5413,,인천광역시 미추홀구 문학동 347-1,인천광역시 미추홀구청,37.439147,126.6847251,2021-05-31
송내어린이공원,공원 전체,인천광역시,미추홀구,도시공원,인천광역시 미추홀구 간접흡연 피해방지에 관한 조례,1668.7,30000,032-880-5413,,인천광역시 미추홀구 주안동 1512-9,인천광역시 미추홀구청,,,2021-05-31
수봉근린공원,공원 전체,인천광역시,미추홀구,도시공원,인천광역시 미추홀구 간접흡연 피해방지에 관한 조례,332694,30000,032-880-5413,,"인천광역시 미추홀구 숭의,도화,용현,주안동 일원",인천광역시 미추홀구청,,,2021-05-31
스승어린이공원,공원 전체,인천광역시,미추홀구,도시공원,인천광역시 미추홀구 간접흡연 피해방지에 관한 조례,2048.1,30000,032-880-5413,,인천광역시 미추홀구 학익동 709-2,인천광역시 미추홀구청,,,2021-05-31
승학어린이공원,공원 전체,인천광역시,미추홀구,도시공원,인천광역시 미추홀구 간접흡연 피해방지에 관한 조례,1701.3,30000,032-880-5413,,인천광역시 미추홀구 관교동 495,인천광역시 미추홀구청,37.44230331,126.6938704,2021-05-31
신비어린이공원,공원 전체,인천광역시,미추홀구,도시공원,인천광역시 미추홀구 간접흡연 피해방지에 관한 조례,1514.7,30000,032-880-5413,,인천광역시 미추홀구 관교동 516-2,인천광역시 미추홀구청,37.4452231,126.687527,2021-05-31
쑥골어린이공원,공원 전체,인천광역시,미추홀구,도시공원,인천광역시 미추홀구 간접흡연 피해방지에 관한 조례,2378.4,30000,032-880-5413,,인천광역시 미추홀구 도화동 699-14,인천광역시 미추홀구청,,,2021-05-31
양토어린이공원,공원 전체,인천광역시,미추홀구,도시공원,인천광역시 미추홀구 간접흡연 피해방지에 관한 조례,1500.2,30000,032-880-5413,,인천광역시 미추홀구 학익동 704-3,인천광역시 미추홀구청,,,2021-05-31
염창어린이공원,공원 전체,인천광역시,미추홀구,도시공원,인천광역시 미추홀구 간접흡연 피해방지에 관한 조례,2105.3,30000,032-880-5413,,인천광역시 미추홀구 주안동 26-44,인천광역시 미추홀구청,,,2021-05-31
용남어린이공원,공원 전체,인천광역시,미추홀구,도시공원,인천광역시 미추홀구 간접흡연 피해방지에 관한 조례,3439.3,30000,032-880-5413,,인천광역시 미추홀구 용현동 14,인천광역시 미추홀구청,37.4506674,126.6660857,2021-05-31
용정근린공원,공원 전체,인천광역시,미추홀구,도시공원,인천광역시 미추홀구 간접흡연 피해방지에 관한 조례,29552,30000,032-880-5413,,인천광역시 미추홀구 용현동 615-1 일원,인천광역시 미추홀구청,,,2021-05-31
재넘이어린이공원,공원 전체,인천광역시,미추홀구,도시공원,인천광역시 미추홀구 간접흡연 피해방지에 관한 조례,10037,30000,032-880-5413,,인천광역시 미추홀구 학익동 336-5일원,인천광역시 미추홀구청,,,2021-05-31
제운어린이공원,공원 전체,인천광역시,미추홀구,도시공원,인천광역시 미추홀구 간접흡연 피해방지에 관한 조례,2178.8,30000,032-880-5413,,인천광역시 미추홀구 학익동 686-11,인천광역시 미추홀구청,,,2021-05-31
주안어린이공원,공원 전체,인천광역시,미추홀구,도시공원,인천광역시 미추홀구 간접흡연 피해방지에 관한 조례,7974.2,30000,032-880-5413,,인천광역시 미추홀구 주안동 281,인천광역시 미추홀구청,37.46286497,126.676809,2021-05-31
주인근린공원,공원 전체,인천광역시,미추홀구,도시공원,인천광역시 미추홀구 간접흡연 피해방지에 관한 조례,29232.5,30000,032-880-5413,,"인천광역시 미추홀구 숭의2,숭의4",인천광역시 미추홀구청,,,2021-05-31
중앙근린공원(8지구),공원 전체,인천광역시,미추홀구,도시공원,인천광역시 미추홀구 간접흡연 피해방지에 관한 조례,,30000,032-880-5413,,인천광역시 미추홀구 관교동 14,인천광역시 미추홀구청,37.44190495,126.6996909,2021-05-31
지석어린이공원,공원 전체,인천광역시,미추홀구,도시공원,인천광역시 미추홀구 간접흡연 피해방지에 관한 조례,1800.3,30000,032-880-5413,,인천광역시 미추홀구 문학동 391-20,인천광역시 미추홀구청,37.4363627,126.6843896,2021-05-31
학골어린이공원,공원 전체,인천광역시,미추홀구,도시공원,인천광역시 미추홀구 간접흡연 피해방지에 관한 조례,1503.9,30000,032-880-5413,,인천광역시 미추홀구 학익동 693-3,인천광역시 미추홀구청,,,2021-05-31
학산어린이공원,공원 전체,인천광역시,미추홀구,도시공원,인천광역시 미추홀구 간접흡연 피해방지에 관한 조례,1182.9,30000,032-880-5413,,인천광역시 미추홀구 학익동 662,인천광역시 미추홀구청,,,2021-05-31
학익어린이공원,공원 전체,인천광역시,미추홀구,도시공원,인천광역시 미추홀구 간접흡연 피해방지에 관한 조례,4611.3,30000,032-880-5413,,인천광역시 미추홀구 학익동 732-5,인천광역시 미추홀구청,,,2021-05-31
한나루어린이공원,공원 전체,인천광역시,미추홀구,도시공원,인천광역시 미추홀구 간접흡연 피해방지에 관한 조례,2988,30000,032-880-5413,,인천광역시 미추홀구 학익동 721-5,인천광역시 미추홀구청,,,2021-05-31
햇님어린이공원,공원 전체,인천광역시,미추홀구,도시공원,인천광역시 미추홀구 간접흡연 피해방지에 관한 조례,601.1,30000,032-880-5413,,인천광역시 미추홀구 용현동 619-2,인천광역시 미추홀구청,,,2021-05-31
다솜어린이공원,공원 전체,인천광역시,미추홀구,도시공원,인천광역시 미추홀구 간접흡연 피해방지에 관한 조례,2572.7,30000,032-880-5413,,인천광역시 미추홀구 용현동 664-1,인천광역시 미추홀구청,,,2021-05-31
도담어린이공원,공원 전체,인천광역시,미추홀구,도시공원,인천광역시 미추홀구 간접흡연 피해방지에 관한 조례,4577.9,30000,032-880-5413,,인천광역시 미추홀구 용현동 664-5,인천광역시 미추홀구청,37.44709143,126.642994,2021-05-31
문학소공원,공원 전체,인천광역시,미추홀구,도시공원,인천광역시 미추홀구 간접흡연 피해방지에 관한 조례,786,30000,032-880-5413,,인천광역시 미추홀구 문학동 344-1,인천광역시 미추홀구청,,,2021-05-31
제2용정근린공원,공원 전체,인천광역시,미추홀구,도시공원,인천광역시 미추홀구 간접흡연 피해방지에 관한 조례,29187.6,30000,032-880-5413,,인천광역시 미추홀구 용현동 666,인천광역시 미추홀구청,37.45067723,126.6428252,2021-05-31
관교공원,공원 전체,인천광역시,미추홀구,도시공원,인천광역시 미추홀구 간접흡연 피해방지에 관한 조례,,30000,032-880-5413,,인천광역시 미추홀구 문학동 일원,인천광역시 미추홀구청,,,2021-05-31
궁현어린이공원,공원 전체,인천광역시,미추홀구,도시공원,인천광역시 미추홀구 간접흡연 피해방지에 관한 조례,3441.3,30000,032-880-5413,,인천광역시 미추홀구 도화동 987-3,인천광역시 미추홀구청,,,2021-05-31
문학공원,공원 전체,인천광역시,미추홀구,도시공원,인천광역시 미추홀구 간접흡연 피해방지에 관한 조례,,30000,032-880-5413,,인천광역시 미추홀구 학익동 산68-2 일원,인천광역시 미추홀구청,,,2021-05-31
베말근린공원,공원 전체,인천광역시,미추홀구,도시공원,인천광역시 미추홀구 간접흡연 피해방지에 관한 조례,14749.5,30000,032-880-5413,,인천광역시 미추홀구 도화동 994-1,인천광역시 미추홀구청,,,2021-05-31
서화어린이공원,공원 전체,인천광역시,미추홀구,도시공원,인천광역시 미추홀구 간접흡연 피해방지에 관한 조례,5813.7,30000,032-880-5413,,인천광역시 미추홀구 도화동 1003-2,인천광역시 미추홀구청,,,2021-05-31
송림어린이공원,공원 전체,인천광역시,미추홀구,도시공원,인천광역시 미추홀구 간접흡연 피해방지에 관한 조례,3644.4,30000,032-880-5413,,인천광역시 미추홀구 도화동 988,인천광역시 미추홀구청,,,2021-05-31
염전문화공원,공원 전체,인천광역시,미추홀구,도시공원,인천광역시 미추홀구 간접흡연 피해방지에 관한 조례,10598.6,30000,032-880-5413,,인천광역시 미추홀구 도화동 986-3,인천광역시 미추홀구청,,,2021-05-31
화동근린공원,공원 전체,인천광역시,미추홀구,도시공원,인천광역시 미추홀구 간접흡연 피해방지에 관한 조례,20176.3,30000,032-880-5413,,인천광역시 미추홀구 도화동 1007-3,인천광역시 미추홀구청,37.47304707,126.6647639,2021-05-31
관교여자중학교,학교출입문으로부터 직선거리로 50미터까지인 지역,인천광역시,미추홀구,교육환경보호구역 중 절대보호구역,인천광역시 미추홀구 간접흡연 피해방지에 관한 조례,,30000,032-880-5413,인천광역시 미추홀구 경원대로 691,인천광역시 미추홀구 관교동 512,인천광역시 미추홀구청,37.44516805,126.6889705,2021-05-31
관교중학교,학교출입문으로부터 직선거리로 50미터까지인 지역,인천광역시,미추홀구,교육환경보호구역 중 절대보호구역,인천광역시 미추홀구 간접흡연 피해방지에 관한 조례,,30000,032-880-5413,인천광역시 미추홀구 경원대로 670번길 19,인천광역시 미추홀구 관교동 482,인천광역시 미추홀구청,37.44425694,126.6917752,2021-05-31
남인천여자중학교,학교출입문으로부터 직선거리로 50미터까지인 지역,인천광역시,미추홀구,교육환경보호구역 중 절대보호구역,인천광역시 미추홀구 간접흡연 피해방지에 관한 조례,,30000,032-880-5413,인천광역시 미추홀구 인하로 426,인천광역시 미추홀구 관교동 343-1,인천광역시 미추홀구청,37.445117,126.6940513,2021-05-31
도화기계공업고등학교,학교출입문으로부터 직선거리로 50미터까지인 지역,인천광역시,미추홀구,교육환경보호구역 중 절대보호구역,인천광역시 미추홀구 간접흡연 피해방지에 관한 조례,,30000,032-880-5413,인천광역시 미추홀구 석정로 165,인천광역시 미추홀구 도화동 193-6,인천광역시 미추홀구청,37.47395988,126.6519987,2021-05-31
문학정보고등학교,학교출입문으로부터 직선거리로 50미터까지인 지역,인천광역시,미추홀구,교육환경보호구역 중 절대보호구역,인천광역시 미추홀구 간접흡연 피해방지에 관한 조례,,30000,032-880-5413,인천광역시 미추홀구 소성로 350번길 29,인천광역시 미추홀구 문학동 394-4,인천광역시 미추홀구청,37.43549148,126.6866821,2021-05-31
선인고등학교,학교출입문으로부터 직선거리로 50미터까지인 지역,인천광역시,미추홀구,교육환경보호구역 중 절대보호구역,인천광역시 미추홀구 간접흡연 피해방지에 관한 조례,,30000,032-880-5413,인천광역시 미추홀구 석정로 165,인천광역시 미추홀구 도화동 206-1,인천광역시 미추홀구청,37.47395988,126.6519987,2021-05-31
선인중학교,학교출입문으로부터 직선거리로 50미터까지인 지역,인천광역시,미추홀구,교육환경보호구역 중 절대보호구역,인천광역시 미추홀구 간접흡연 피해방지에 관한 조례,,30000,032-880-5413,인천광역시 미추홀구 석정로 165,인천광역시 미추홀구 도화동 193-6,인천광역시 미추홀구청,37.47395988,126.6519987,2021-05-31
선화여자중학교,학교출입문으로부터 직선거리로 50미터까지인 지역,인천광역시,미추홀구,교육환경보호구역 중 절대보호구역,인천광역시 미추홀구 간접흡연 피해방지에 관한 조례,,30000,032-880-5413,인천광역시 미추홀구 석정로 165,인천광역시 미추홀구 도화동 241,인천광역시 미추홀구청,37.47395988,126.6519987,2021-05-31
용현여자중학교,학교출입문으로부터 직선거리로 50미터까지인 지역,인천광역시,미추홀구,교육환경보호구역 중 절대보호구역,인천광역시 미추홀구 간접흡연 피해방지에 관한 조례,,30000,032-880-5413,인천광역시 미추홀구 낙섬동로 28,인천광역시 미추홀구 용현동 627-38,인천광역시 미추홀구청,37.44840503,126.6406725,2021-05-31
용현중학교,학교출입문으로부터 직선거리로 50미터까지인 지역,인천광역시,미추홀구,교육환경보호구역 중 절대보호구역,인천광역시 미추홀구 간접흡연 피해방지에 관한 조례,,30000,032-880-5413,인천광역시 미추홀구 낙섬동로 16,인천광역시 미추홀구 용현동 627-435,인천광역시 미추홀구청,37.4478538,126.6395495,2021-05-31
인명여자고등학교,학교출입문으로부터 직선거리로 50미터까지인 지역,인천광역시,미추홀구,교육환경보호구역 중 절대보호구역,인천광역시 미추홀구 간접흡연 피해방지에 관한 조례,,30000,032-880-5413,인천광역시 미추홀구 문화로 11,인천광역시 미추홀구 관교동 13-5,인천광역시 미추홀구청,37.44037081,126.6972234,2021-05-31
인주중학교,학교출입문으로부터 직선거리로 50미터까지인 지역,인천광역시,미추홀구,교육환경보호구역 중 절대보호구역,인천광역시 미추홀구 간접흡연 피해방지에 관한 조례,,30000,032-880-5413,인천광역시 미추홀구 매소홀로 335,인천광역시 미추홀구 학익동 430-51,인천광역시 미추홀구청,37.442731,126.6598736,2021-05-31
인천경원초등학교,학교출입문으로부터 직선거리로 50미터까지인 지역,인천광역시,미추홀구,교육환경보호구역 중 절대보호구역,인천광역시 미추홀구 간접흡연 피해방지에 관한 조례,,30000,032-880-5413,인천광역시 미추홀구 경인로 511,,인천광역시 미추홀구청,37.46136485,126.6957696,2021-05-31
인천고등학교,학교출입문으로부터 직선거리로 50미터까지인 지역,인천광역시,미추홀구,교육환경보호구역 중 절대보호구역,인천광역시 미추홀구 간접흡연 피해방지에 관한 조례,,30000,032-880-5413,인천광역시 미추홀구 경원대로 804,인천광역시 미추홀구 주안동 1555,인천광역시 미추홀구청,37.45295947,126.6913055,2021-05-31
인천관교초등학교,학교출입문으로부터 직선거리로 50미터까지인 지역,인천광역시,미추홀구,교육환경보호구역 중 절대보호구역,인천광역시 미추홀구 간접흡연 피해방지에 관한 조례,,30000,032-880-5413,인천광역시 미추홀구 인하로 414,인천광역시 미추홀구 관교동 334,인천광역시 미추홀구청,37.44625619,126.6927795,2021-05-31
인천기계공업고등학교,학교출입문으로부터 직선거리로 50미터까지인 지역,인천광역시,미추홀구,교육환경보호구역 중 절대보호구역,인천광역시 미추홀구 간접흡연 피해방지에 관한 조례,,30000,032-880-5413,인천광역시 미추홀구 한나루로 545,인천광역시 미추홀구 주안동 638-1,인천광역시 미추홀구청,37.45685813,126.6683546,2021-05-31
인천남부초등학교,학교출입문으로부터 직선거리로 50미터까지인 지역,인천광역시,미추홀구,교육환경보호구역 중 절대보호구역,인천광역시 미추홀구 간접흡연 피해방지에 관한 조례,,30000,032-880-5413,인천광역시 미추홀구 인주대로366번길 22,,인천광역시 미추홀구청,37.4503294,126.675874,2021-05-31
인천남중학교,학교출입문으로부터 직선거리로 50미터까지인 지역,인천광역시,미추홀구,교육환경보호구역 중 절대보호구역,인천광역시 미추홀구 간접흡연 피해방지에 관한 조례,,30000,032-880-5413,인천광역시 미추홀구 수봉로 16-23,인천광역시 미추홀구 숭의동 41-3,인천광역시 미추홀구청,37.46379213,126.6539999,2021-05-31
인천대화초등학교,학교출입문으로부터 직선거리로 50미터까지인 지역,인천광역시,미추홀구,교육환경보호구역 중 절대보호구역,인천광역시 미추홀구 간접흡연 피해방지에 관한 조례,,30000,032-880-5413,인천광역시 미추홀구 석정로301번길 13,인천광역시 미추홀구 도화동 105-11,인천광역시 미추홀구청,37.46901863,126.6685315,2021-05-31
인천도화초등학교,학교출입문으로부터 직선거리로 50미터까지인 지역,인천광역시,미추홀구,교육환경보호구역 중 절대보호구역,인천광역시 미추홀구 간접흡연 피해방지에 관한 조례,,30000,032-880-5413,인천광역시 미추홀구 경인로 242,인천광역시 미추홀구 도화동 541-5,인천광역시 미추홀구청,37.46314213,126.667843,2021-05-31
인천문학초등학교,학교출입문으로부터 직선거리로 50미터까지인 지역,인천광역시,미추홀구,교육환경보호구역 중 절대보호구역,인천광역시 미추홀구 간접흡연 피해방지에 관한 조례,,30000,032-880-5413,인천광역시 미추홀구 매소홀로 553,인천광역시 미추홀구 문학동 343-2,인천광역시 미추홀구청,37.43989041,126.6828637,2021-05-31
인천백학초등학교,학교출입문으로부터 직선거리로 50미터까지인 지역,인천광역시,미추홀구,교육환경보호구역 중 절대보호구역,인천광역시 미추홀구 간접흡연 피해방지에 관한 조례,,30000,032-880-5413,인천광역시 미추홀구 매소홀로446번길 25,인천광역시 미추홀구 학익동 674,인천광역시 미추홀구청,37.43892004,126.6719502,2021-05-31
인천비즈니스고등학교,학교출입문으로부터 직선거리로 50미터까지인 지역,인천광역시,미추홀구,교육환경보호구역 중 절대보호구역,인천광역시 미추홀구 간접흡연 피해방지에 관한 조례,,30000,032-880-5413,인천광역시 미추홀구 장고개로 31,인천광역시 미추홀구 도화동 1010,인천광역시 미추홀구청,37.47211645,126.6665695,2021-05-31
인천서화초등학교,학교출입문으로부터 직선거리로 50미터까지인 지역,인천광역시,미추홀구,교육환경보호구역 중 절대보호구역,인천광역시 미추홀구 간접흡연 피해방지에 관한 조례,,30000,032-880-5413,인천광역시 미추홀구 송림로 250 서화초등학교 2동,인천광역시 미추홀구 도화동 1003,인천광역시 미추홀구청,37.4739059,126.6608141,2021-05-31
인천석암초등학교,학교출입문으로부터 직선거리로 50미터까지인 지역,인천광역시,미추홀구,교육환경보호구역 중 절대보호구역,인천광역시 미추홀구 간접흡연 피해방지에 관한 조례,,30000,032-880-5413,인천광역시 미추홀구 주안동로 46,,인천광역시 미추홀구청,37.46235036,126.6867275,2021-05-31
인천숭의초등학교,학교출입문으로부터 직선거리로 50미터까지인 지역,인천광역시,미추홀구,교육환경보호구역 중 절대보호구역,인천광역시 미추홀구 간접흡연 피해방지에 관한 조례,,30000,032-880-5413,인천광역시 미추홀구 장천로 99,인천광역시 미추홀구 숭의동 42-2,인천광역시 미추홀구청,37.46372007,126.6557051,2021-05-31
인천승학초등학교,학교출입문으로부터 직선거리로 50미터까지인 지역,인천광역시,미추홀구,교육환경보호구역 중 절대보호구역,인천광역시 미추홀구 간접흡연 피해방지에 관한 조례,,30000,032-880-5413,인천광역시 미추홀구 주승로 259,인천광역시 미추홀구 관교동 13-4,인천광역시 미추홀구청,37.44040217,126.6965596,2021-05-31
인천연학초등학교,학교출입문으로부터 직선거리로 50미터까지인 지역,인천광역시,미추홀구,교육환경보호구역 중 절대보호구역,인천광역시 미추홀구 간접흡연 피해방지에 관한 조례,,30000,032-880-5413,인천광역시 미추홀구 주승로 20,인천광역시 미추홀구 학익동 29-2,인천광역시 미추홀구청,37.44356556,126.6719664,2021-05-31
인천용일초등학교,학교출입문으로부터 직선거리로 50미터까지인 지역,인천광역시,미추홀구,교육환경보호구역 중 절대보호구역,인천광역시 미추홀구 간접흡연 피해방지에 관한 조례,,30000,032-880-5413,인천광역시 미추홀구 인주대로 244,,인천광역시 미추홀구청,37.45245069,126.6633606,2021-05-31
인천용정초등학교,학교출입문으로부터 직선거리로 50미터까지인 지역,인천광역시,미추홀구,교육환경보호구역 중 절대보호구역,인천광역시 미추홀구 간접흡연 피해방지에 관한 조례,,30000,032-880-5413,인천광역시 미추홀구 독정안길 26,인천광역시 미추홀구 숭의동 12-8,인천광역시 미추홀구청,37.4594038,126.6572363,2021-05-31
인천용현남초등학교,학교출입문으로부터 직선거리로 50미터까지인 지역,인천광역시,미추홀구,교육환경보호구역 중 절대보호구역,인천광역시 미추홀구 간접흡연 피해방지에 관한 조례,,30000,032-880-5413,인천광역시 미추홀구 매소홀로 133,인천광역시 미추홀구 용현동 627-449,인천광역시 미추홀구청,37.44789356,126.6419587,2021-05-31
인천용현초등학교,학교출입문으로부터 직선거리로 50미터까지인 지역,인천광역시,미추홀구,교육환경보호구역 중 절대보호구역,인천광역시 미추홀구 간접흡연 피해방지에 관한 조례,,30000,032-880-5413,인천광역시 미추홀구 낙섬동로 83,인천광역시 미추홀구 용현동 610-108,인천광역시 미추홀구청,37.45318079,126.6408079,2021-05-31
인천인주초등학교,학교출입문으로부터 직선거리로 50미터까지인 지역,인천광역시,미추홀구,교육환경보호구역 중 절대보호구역,인천광역시 미추홀구 간접흡연 피해방지에 관한 조례,,30000,032-880-5413,,인천광역시 미추홀구 학익동 40-36,인천광역시 미추홀구청,37.44222172,126.6745303,2021-05-31
인천전자마이스터고등학교,학교출입문으로부터 직선거리로 50미터까지인 지역,인천광역시,미추홀구,교육환경보호구역 중 절대보호구역,인천광역시 미추홀구 간접흡연 피해방지에 관한 조례,,30000,032-880-5413,인천광역시 미추홀구 석정로 165,인천광역시 미추홀구 도화동 20-6,인천광역시 미추홀구청,37.47395988,126.6519987,2021-05-31
인천주안남초등학교,학교출입문으로부터 직선거리로 50미터까지인 지역,인천광역시,미추홀구,교육환경보호구역 중 절대보호구역,인천광역시 미추홀구 간접흡연 피해방지에 관한 조례,,30000,032-880-5413,인천광역시 미추홀구 인주대로434번길 11,인천광역시 미추홀구 주안동 1503,인천광역시 미추홀구청,37.44955342,126.6850024,2021-05-31
인천주안북초등학교,학교출입문으로부터 직선거리로 50미터까지인 지역,인천광역시,미추홀구,교육환경보호구역 중 절대보호구역,인천광역시 미추홀구 간접흡연 피해방지에 관한 조례,,30000,032-880-5413,광역시 미추홀구 석정로375번길 14,인천광역시 미추홀구 주안동 14-1,인천광역시 미추홀구청,37.46816063,126.6780582,2021-05-31
인천주안초등학교,학교출입문으로부터 직선거리로 50미터까지인 지역,인천광역시,미추홀구,교육환경보호구역 중 절대보호구역,인천광역시 미추홀구 간접흡연 피해방지에 관한 조례,,30000,032-880-5413,,인천광역시 미추홀구 주안동 454-1,인천광역시 미추홀구청,37.4575488,126.6814144,2021-05-31
인천하이텍고등학교,학교출입문으로부터 직선거리로 50미터까지인 지역,인천광역시,미추홀구,교육환경보호구역 중 절대보호구역,인천광역시 미추홀구 간접흡연 피해방지에 관한 조례,,30000,032-880-5413,인천광역시 미추홀구 석정로 165,인천광역시 미추홀구 도화동 20-6,인천광역시 미추홀구청,37.47395988,126.6519987,2021-05-31
인천학산초등학교,학교출입문으로부터 직선거리로 50미터까지인 지역,인천광역시,미추홀구,교육환경보호구역 중 절대보호구역,인천광역시 미추홀구 간접흡연 피해방지에 관한 조례,,30000,032-880-5413,인천광역시 미추홀구 한나루로357번길 66,인천광역시 미추홀구 학익동 721-7,인천광역시 미추홀구청,37.43982883,126.6581604,2021-05-31
인천학익초등학교,학교출입문으로부터 직선거리로 50미터까지인 지역,인천광역시,미추홀구,교육환경보호구역 중 절대보호구역,인천광역시 미추홀구 간접흡연 피해방지에 관한 조례,,30000,032-880-5413,인천광역시 미추홀구 한나루로 403번길 122,인천광역시 미추홀구 학익동 330-1,인천광역시 미추홀구청,37.44706316,126.6586364,2021-05-31
인하대학교사범대학부속고등학교,학교출입문으로부터 직선거리로 50미터까지인 지역,인천광역시,미추홀구,교육환경보호구역 중 절대보호구역,인천광역시 미추홀구 간접흡연 피해방지에 관한 조례,,30000,032-880-5413,인천광역시 미추홀구 재넘이길 123번길 29,인천광역시 미추홀구 학익동 306-30,인천광역시 미추홀구청,37.44596561,126.6628653,2021-05-31
인하대학교사범대학부속중학교,학교출입문으로부터 직선거리로 50미터까지인 지역,인천광역시,미추홀구,교육환경보호구역 중 절대보호구역,인천광역시 미추홀구 간접흡연 피해방지에 관한 조례,,30000,032-880-5413,인천광역시 미추홀구 재넘이길 123번길 29,인천광역시 미추홀구 학익동 306-30,인천광역시 미추홀구청,37.44596561,126.6628653,2021-05-31
인항고등학교,학교출입문으로부터 직선거리로 50미터까지인 지역,인천광역시,미추홀구,교육환경보호구역 중 절대보호구역,인천광역시 미추홀구 간접흡연 피해방지에 관한 조례,,30000,032-880-5413,인천광역시 미추홀구 매소홀로 135,인천광역시 미추홀구 용현동 627-456,인천광역시 미추홀구청,37.44681591,126.6407569,2021-05-31
인화여자고등학교,학교출입문으로부터 직선거리로 50미터까지인 지역,인천광역시,미추홀구,교육환경보호구역 중 절대보호구역,인천광역시 미추홀구 간접흡연 피해방지에 관한 조례,,30000,032-880-5413,인천광역시 미추홀구 석정로 165,인천광역시 미추홀구 도화동 241,인천광역시 미추홀구청,37.47395988,126.6519987,2021-05-31
인화여자중학교,학교출입문으로부터 직선거리로 50미터까지인 지역,인천광역시,미추홀구,교육환경보호구역 중 절대보호구역,인천광역시 미추홀구 간접흡연 피해방지에 관한 조례,,30000,032-880-5413,인천광역시 미추홀구 석정로 165,인천광역시 미추홀구 도화동 206-1,인천광역시 미추홀구청,37.47395988,126.6519987,2021-05-31
정석항공과학고등학교,학교출입문으로부터 직선거리로 50미터까지인 지역,인천광역시,미추홀구,교육환경보호구역 중 절대보호구역,인천광역시 미추홀구 간접흡연 피해방지에 관한 조례,,30000,032-880-5413,,인천광역시 미추홀구 용현동 91,인천광역시 미추홀구청,37.45067939,126.6583665,2021-05-31
제물포여자중학교,학교출입문으로부터 직선거리로 50미터까지인 지역,인천광역시,미추홀구,교육환경보호구역 중 절대보호구역,인천광역시 미추홀구 간접흡연 피해방지에 관한 조례,,30000,032-880-5413,인천광역시 미추홀구 인주대로470번길 20,인천광역시 미추홀구 주안동 1529,인천광역시 미추홀구청,37.44914564,126.6882045,2021-05-31
학익고등학교,학교출입문으로부터 직선거리로 50미터까지인 지역,인천광역시,미추홀구,교육환경보호구역 중 절대보호구역,인천광역시 미추홀구 간접흡연 피해방지에 관한 조례,,30000,032-880-5413,인천광역시 미추홀구 한나루로 358번길 23-22,인천광역시 미추홀구 학익동 688-1,인천광역시 미추홀구청,37.43902931,126.6633307,2021-05-31
학익여자고등학교,학교출입문으로부터 직선거리로 50미터까지인 지역,인천광역시,미추홀구,교육환경보호구역 중 절대보호구역,인천광역시 미추홀구 간접흡연 피해방지에 관한 조례,,30000,032-880-5413,인천광역시 미추홀구 주승로 52번길 8,인천광역시 미추홀구 학익동 646,인천광역시 미추홀구청,37.44382023,126.6753913,2021-05-31
한진고등기술학교,학교출입문으로부터 직선거리로 50미터까지인 지역,인천광역시,미추홀구,교육환경보호구역 중 절대보호구역,인천광역시 미추홀구 간접흡연 피해방지에 관한 조례,,30000,032-880-5413,인천광역시 미추홀구 장고개로 69,인천광역시 미추홀구 도화동 53-43,인천광역시 미추홀구청,37.47402862,126.6685749,2021-05-31
남인천중고등학교,학교출입문으로부터 직선거리로 50미터까지인 지역,인천광역시,미추홀구,교육환경보호구역 중 절대보호구역,인천광역시 미추홀구 간접흡연 피해방지에 관한 조례,,30000,032-880-5413,인천광역시 미추홀구 매소홀로418번길 14-57,인천광역시 미추홀구 학익동 686-9,인천광역시 미추홀구청,37.43866786,126.6668303,2021-05-31
인천용학초등학교,학교출입문으로부터 직선거리로 50미터까지인 지역,인천광역시,미추홀구,교육환경보호구역 중 절대보호구역,인천광역시 미추홀구 간접흡연 피해방지에 관한 조례,,30000,032-880-5413,인천광역시 미추홀구 용정공원로 83번길 9,인천광역시 미추홀구 용현동 664-4,인천광역시 미추홀구청,37.44676295,126.6434992,2021-05-31
인천청인학교,학교출입문으로부터 직선거리로 50미터까지인 지역,인천광역시,미추홀구,교육환경보호구역 중 절대보호구역,인천광역시 미추홀구 간접흡연 피해방지에 관한 조례,,30000,032-880-5413,인천광역시 미추홀구 숙골로135번길 14,인천광역시 미추홀구 도화동 994,인천광역시 미추홀구청,37.47404796,126.6588442,2021-05-31
경인방송,버스정류장 표지판으로부터 10미터 이내 구역,인천광역시,미추홀구,버스정류장,인천광역시 미추홀구 간접흡연 피해방지에 관한 조례,,30000,032-880-5413,,인천광역시 미추홀구 학익1동,인천광역시 미추홀구청,,,2021-05-31
정비단지,버스정류장 표지판으로부터 10미터 이내 구역,인천광역시,미추홀구,버스정류장,인천광역시 미추홀구 간접흡연 피해방지에 관한 조례,,30000,032-880-5413,,인천광역시 미추홀구 학익1동,인천광역시 미추홀구청,,,2021-05-31
정비단지,버스정류장 표지판으로부터 10미터 이내 구역,인천광역시,미추홀구,버스정류장,인천광역시 미추홀구 간접흡연 피해방지에 관한 조례,,30000,032-880-5413,,인천광역시 미추홀구 학익1동,인천광역시 미추홀구청,,,2021-05-31
현광아파트,버스정류장 표지판으로부터 10미터 이내 구역,인천광역시,미추홀구,버스정류장,인천광역시 미추홀구 간접흡연 피해방지에 관한 조례,,30000,032-880-5413,,인천광역시 미추홀구 학익1동,인천광역시 미추홀구청,,,2021-05-31
정광아파트(병무청),버스정류장 표지판으로부터 10미터 이내 구역,인천광역시,미추홀구,버스정류장,인천광역시 미추홀구 간접흡연 피해방지에 관한 조례,,30000,032-880-5413,,인천광역시 미추홀구 학익1동,인천광역시 미추홀구청,,,2021-05-31
신창아파트,버스정류장 표지판으로부터 10미터 이내 구역,인천광역시,미추홀구,버스정류장,인천광역시 미추홀구 간접흡연 피해방지에 관한 조례,,30000,032-880-5413,,인천광역시 미추홀구 용현3동,인천광역시 미추홀구청,,,2021-05-31
윤성아파트(인항고교),버스정류장 표지판으로부터 10미터 이내 구역,인천광역시,미추홀구,버스정류장,인천광역시 미추홀구 간접흡연 피해방지에 관한 조례,,30000,032-880-5413,,인천광역시 미추홀구 용현3동,인천광역시 미추홀구청,,,2021-05-31
윤성아파트(인항고교),버스정류장 표지판으로부터 10미터 이내 구역,인천광역시,미추홀구,버스정류장,인천광역시 미추홀구 간접흡연 피해방지에 관한 조례,,30000,032-880-5413,,인천광역시 미추홀구 용현3동,인천광역시 미추홀구청,,,2021-05-31
병무청(516종점),버스정류장 표지판으로부터 10미터 이내 구역,인천광역시,미추홀구,버스정류장,인천광역시 미추홀구 간접흡연 피해방지에 관한 조례,,30000,032-880-5413,,인천광역시 미추홀구 학익1동,인천광역시 미추홀구청,,,2021-05-31
종점(병무청),버스정류장 표지판으로부터 10미터 이내 구역,인천광역시,미추홀구,버스정류장,인천광역시 미추홀구 간접흡연 피해방지에 관한 조례,,30000,032-880-5413,,인천광역시 미추홀구 학익1동,인천광역시 미추홀구청,,,2021-05-31
한국아파트,버스정류장 표지판으로부터 10미터 이내 구역,인천광역시,미추홀구,버스정류장,인천광역시 미추홀구 간접흡연 피해방지에 관한 조례,,30000,032-880-5413,,인천광역시 미추홀구 용현3동,인천광역시 미추홀구청,,,2021-05-31
옹진군청,버스정류장 표지판으로부터 10미터 이내 구역,인천광역시,미추홀구,버스정류장,인천광역시 미추홀구 간접흡연 피해방지에 관한 조례,,30000,032-880-5413,,인천광역시 미추홀구 용현3동,인천광역시 미추홀구청,,,2021-05-31
옹진군청,버스정류장 표지판으로부터 10미터 이내 구역,인천광역시,미추홀구,버스정류장,인천광역시 미추홀구 간접흡연 피해방지에 관한 조례,,30000,032-880-5413,,인천광역시 미추홀구 용현3동,인천광역시 미추홀구청,,,2021-05-31
용현중학교,버스정류장 표지판으로부터 10미터 이내 구역,인천광역시,미추홀구,버스정류장,인천광역시 미추홀구 간접흡연 피해방지에 관한 조례,,30000,032-880-5413,,인천광역시 미추홀구 용현3동,인천광역시 미추홀구청,,,2021-05-31
동양화학,버스정류장 표지판으로부터 10미터 이내 구역,인천광역시,미추홀구,버스정류장,인천광역시 미추홀구 간접흡연 피해방지에 관한 조례,,30000,032-880-5413,,인천광역시 미추홀구 학익1동,인천광역시 미추홀구청,,,2021-05-31
동양화학,버스정류장 표지판으로부터 10미터 이내 구역,인천광역시,미추홀구,버스정류장,인천광역시 미추홀구 간접흡연 피해방지에 관한 조례,,30000,032-880-5413,,인천광역시 미추홀구 학익1동,인천광역시 미추홀구청,,,2021-05-31
금호2차아파트,버스정류장 표지판으로부터 10미터 이내 구역,인천광역시,미추홀구,버스정류장,인천광역시 미추홀구 간접흡연 피해방지에 관한 조례,,30000,032-880-5413,,인천광역시 미추홀구 용현3동,인천광역시 미추홀구청,,,2021-05-31
금호아파트,버스정류장 표지판으로부터 10미터 이내 구역,인천광역시,미추홀구,버스정류장,인천광역시 미추홀구 간접흡연 피해방지에 관한 조례,,30000,032-880-5413,,인천광역시 미추홀구 용현5동,인천광역시 미추홀구청,,,2021-05-31
용현중학교,버스정류장 표지판으로부터 10미터 이내 구역,인천광역시,미추홀구,버스정류장,인천광역시 미추홀구 간접흡연 피해방지에 관한 조례,,30000,032-880-5413,,인천광역시 미추홀구 용현3동,인천광역시 미추홀구청,,,2021-05-31
학익고등학교,버스정류장 표지판으로부터 10미터 이내 구역,인천광역시,미추홀구,버스정류장,인천광역시 미추홀구 간접흡연 피해방지에 관한 조례,,30000,032-880-5413,,인천광역시 미추홀구 학익1동,인천광역시 미추홀구청,,,2021-05-31
금호2차아파트,버스정류장 표지판으로부터 10미터 이내 구역,인천광역시,미추홀구,버스정류장,인천광역시 미추홀구 간접흡연 피해방지에 관한 조례,,30000,032-880-5413,,인천광역시 미추홀구 용현3동,인천광역시 미추홀구청,,,2021-05-31
금호2차아파트,버스정류장 표지판으로부터 10미터 이내 구역,인천광역시,미추홀구,버스정류장,인천광역시 미추홀구 간접흡연 피해방지에 관한 조례,,30000,032-880-5413,,인천광역시 미추홀구 용현3동,인천광역시 미추홀구청,,,2021-05-31
풍림아이원아파트,버스정류장 표지판으로부터 10미터 이내 구역,인천광역시,미추홀구,버스정류장,인천광역시 미추홀구 간접흡연 피해방지에 관한 조례,,30000,032-880-5413,,인천광역시 미추홀구 학익1동,인천광역시 미추홀구청,,,2021-05-31
대동아파트,버스정류장 표지판으로부터 10미터 이내 구역,인천광역시,미추홀구,버스정류장,인천광역시 미추홀구 간접흡연 피해방지에 관한 조례,,30000,032-880-5413,,인천광역시 미추홀구 학익1동,인천광역시 미추홀구청,,,2021-05-31
두산위브아파트,버스정류장 표지판으로부터 10미터 이내 구역,인천광역시,미추홀구,버스정류장,인천광역시 미추홀구 간접흡연 피해방지에 관한 조례,,30000,032-880-5413,,인천광역시 미추홀구 학익1동,인천광역시 미추홀구청,,,2021-05-31
장미아파트,버스정류장 표지판으로부터 10미터 이내 구역,인천광역시,미추홀구,버스정류장,인천광역시 미추홀구 간접흡연 피해방지에 관한 조례,,30000,032-880-5413,,인천광역시 미추홀구 학익1동,인천광역시 미추홀구청,,,2021-05-31
금호어울림,버스정류장 표지판으로부터 10미터 이내 구역,인천광역시,미추홀구,버스정류장,인천광역시 미추홀구 간접흡연 피해방지에 관한 조례,,30000,032-880-5413,,인천광역시 미추홀구 용현5동,인천광역시 미추홀구청,,,2021-05-31
석건연립,버스정류장 표지판으로부터 10미터 이내 구역,인천광역시,미추홀구,버스정류장,인천광역시 미추홀구 간접흡연 피해방지에 관한 조례,,30000,032-880-5413,,인천광역시 미추홀구 학익1동,인천광역시 미추홀구청,,,2021-05-31
대림아파트,버스정류장 표지판으로부터 10미터 이내 구역,인천광역시,미추홀구,버스정류장,인천광역시 미추홀구 간접흡연 피해방지에 관한 조례,,30000,032-880-5413,,인천광역시 미추홀구 용현3동,인천광역시 미추홀구청,,,2021-05-31
인천향교유림회관,버스정류장 표지판으로부터 10미터 이내 구역,인천광역시,미추홀구,버스정류장,인천광역시 미추홀구 간접흡연 피해방지에 관한 조례,,30000,032-880-5413,,인천광역시 미추홀구 학익1동,인천광역시 미추홀구청,,,2021-05-31
인천향교유림회관,버스정류장 표지판으로부터 10미터 이내 구역,인천광역시,미추홀구,버스정류장,인천광역시 미추홀구 간접흡연 피해방지에 관한 조례,,30000,032-880-5413,,인천광역시 미추홀구 학익1동,인천광역시 미추홀구청,,,2021-05-31
영남아파트,버스정류장 표지판으로부터 10미터 이내 구역,인천광역시,미추홀구,버스정류장,인천광역시 미추홀구 간접흡연 피해방지에 관한 조례,,30000,032-880-5413,,인천광역시 미추홀구 학익1동,인천광역시 미추홀구청,,,2021-05-31
한양아파트,버스정류장 표지판으로부터 10미터 이내 구역,인천광역시,미추홀구,버스정류장,인천광역시 미추홀구 간접흡연 피해방지에 관한 조례,,30000,032-880-5413,,인천광역시 미추홀구 용현3동,인천광역시 미추홀구청,,,2021-05-31
인하대역(1번출구),버스정류장 표지판으로부터 10미터 이내 구역,인천광역시,미추홀구,버스정류장,인천광역시 미추홀구 간접흡연 피해방지에 관한 조례,,30000,032-880-5413,,인천광역시 미추홀구 용현5동,인천광역시 미추홀구청,,,2021-05-31
신동아아파트,버스정류장 표지판으로부터 10미터 이내 구역,인천광역시,미추홀구,버스정류장,인천광역시 미추홀구 간접흡연 피해방지에 관한 조례,,30000,032-880-5413,,인천광역시 미추홀구 학익1동,인천광역시 미추홀구청,,,2021-05-31
법원.검찰청,버스정류장 표지판으로부터 10미터 이내 구역,인천광역시,미추홀구,버스정류장,인천광역시 미추홀구 간접흡연 피해방지에 관한 조례,,30000,032-880-5413,,인천광역시 미추홀구 학익1동,인천광역시 미추홀구청,,,2021-05-31
학익사거리,버스정류장 표지판으로부터 10미터 이내 구역,인천광역시,미추홀구,버스정류장,인천광역시 미추홀구 간접흡연 피해방지에 관한 조례,,30000,032-880-5413,,인천광역시 미추홀구 학익1동,인천광역시 미추홀구청,,,2021-05-31
한양아파트,버스정류장 표지판으로부터 10미터 이내 구역,인천광역시,미추홀구,버스정류장,인천광역시 미추홀구 간접흡연 피해방지에 관한 조례,,30000,032-880-5413,,인천광역시 미추홀구 용현3동,인천광역시 미추홀구청,,,2021-05-31
법원검찰청입구,버스정류장 표지판으로부터 10미터 이내 구역,인천광역시,미추홀구,버스정류장,인천광역시 미추홀구 간접흡연 피해방지에 관한 조례,,30000,032-880-5413,,인천광역시 미추홀구 학익1동,인천광역시 미추홀구청,,,2021-05-31
한양아파트,버스정류장 표지판으로부터 10미터 이내 구역,인천광역시,미추홀구,버스정류장,인천광역시 미추홀구 간접흡연 피해방지에 관한 조례,,30000,032-880-5413,,인천광역시 미추홀구 용현3동,인천광역시 미추홀구청,,,2021-05-31
학익시장(법원검찰청),버스정류장 표지판으로부터 10미터 이내 구역,인천광역시,미추홀구,버스정류장,인천광역시 미추홀구 간접흡연 피해방지에 관한 조례,,30000,032-880-5413,,인천광역시 미추홀구 학익1동,인천광역시 미추홀구청,,,2021-05-31
학익시장앞,버스정류장 표지판으로부터 10미터 이내 구역,인천광역시,미추홀구,버스정류장,인천광역시 미추홀구 간접흡연 피해방지에 관한 조례,,30000,032-880-5413,,인천광역시 미추홀구 학익1동,인천광역시 미추홀구청,,,2021-05-31
학익사거리(동아풍림아파트),버스정류장 표지판으로부터 10미터 이내 구역,인천광역시,미추홀구,버스정류장,인천광역시 미추홀구 간접흡연 피해방지에 관한 조례,,30000,032-880-5413,,인천광역시 미추홀구 학익1동,인천광역시 미추홀구청,,,2021-05-31
신동아아파트3차,버스정류장 표지판으로부터 10미터 이내 구역,인천광역시,미추홀구,버스정류장,인천광역시 미추홀구 간접흡연 피해방지에 관한 조례,,30000,032-880-5413,,인천광역시 미추홀구 학익1동,인천광역시 미추홀구청,,,2021-05-31
인하대역(7번출구),버스정류장 표지판으로부터 10미터 이내 구역,인천광역시,미추홀구,버스정류장,인천광역시 미추홀구 간접흡연 피해방지에 관한 조례,,30000,032-880-5413,,인천광역시 미추홀구 용현3동,인천광역시 미추홀구청,,,2021-05-31
장미아파트,버스정류장 표지판으로부터 10미터 이내 구역,인천광역시,미추홀구,버스정류장,인천광역시 미추홀구 간접흡연 피해방지에 관한 조례,,30000,032-880-5413,,인천광역시 미추홀구 학익1동,인천광역시 미추홀구청,,,2021-05-31
장미아파트,버스정류장 표지판으로부터 10미터 이내 구역,인천광역시,미추홀구,버스정류장,인천광역시 미추홀구 간접흡연 피해방지에 관한 조례,,30000,032-880-5413,,인천광역시 미추홀구 학익1동,인천광역시 미추홀구청,,,2021-05-31
인천지방법원,버스정류장 표지판으로부터 10미터 이내 구역,인천광역시,미추홀구,버스정류장,인천광역시 미추홀구 간접흡연 피해방지에 관한 조례,,30000,032-880-5413,,인천광역시 미추홀구 학익1동,인천광역시 미추홀구청,,,2021-05-31
신동아아파트3차,버스정류장 표지판으로부터 10미터 이내 구역,인천광역시,미추홀구,버스정류장,인천광역시 미추홀구 간접흡연 피해방지에 관한 조례,,30000,032-880-5413,,인천광역시 미추홀구 학익1동,인천광역시 미추홀구청,,,2021-05-31
인하대정문,버스정류장 표지판으로부터 10미터 이내 구역,인천광역시,미추홀구,버스정류장,인천광역시 미추홀구 간접흡연 피해방지에 관한 조례,,30000,032-880-5413,,인천광역시 미추홀구 학익1동,인천광역시 미추홀구청,,,2021-05-31
문학고개,버스정류장 표지판으로부터 10미터 이내 구역,인천광역시,미추홀구,버스정류장,인천광역시 미추홀구 간접흡연 피해방지에 관한 조례,,30000,032-880-5413,,인천광역시 미추홀구 문학동,인천광역시 미추홀구청,,,2021-05-31
인하대정문,버스정류장 표지판으로부터 10미터 이내 구역,인천광역시,미추홀구,버스정류장,인천광역시 미추홀구 간접흡연 피해방지에 관한 조례,,30000,032-880-5413,,인천광역시 미추홀구 학익1동,인천광역시 미추홀구청,,,2021-05-31
문학초등학교,버스정류장 표지판으로부터 10미터 이내 구역,인천광역시,미추홀구,버스정류장,인천광역시 미추홀구 간접흡연 피해방지에 관한 조례,,30000,032-880-5413,,인천광역시 미추홀구 문학동,인천광역시 미추홀구청,,,2021-05-31
문학초등학교,버스정류장 표지판으로부터 10미터 이내 구역,인천광역시,미추홀구,버스정류장,인천광역시 미추홀구 간접흡연 피해방지에 관한 조례,,30000,032-880-5413,,인천광역시 미추홀구 문학동,인천광역시 미추홀구청,,,2021-05-31
삼은교회,버스정류장 표지판으로부터 10미터 이내 구역,인천광역시,미추홀구,버스정류장,인천광역시 미추홀구 간접흡연 피해방지에 관한 조례,,30000,032-880-5413,,인천광역시 미추홀구 용현3동,인천광역시 미추홀구청,,,2021-05-31
토지금고,버스정류장 표지판으로부터 10미터 이내 구역,인천광역시,미추홀구,버스정류장,인천광역시 미추홀구 간접흡연 피해방지에 관한 조례,,30000,032-880-5413,,인천광역시 미추홀구 용현3동,인천광역시 미추홀구청,,,2021-05-31
삼영아파트,버스정류장 표지판으로부터 10미터 이내 구역,인천광역시,미추홀구,버스정류장,인천광역시 미추홀구 간접흡연 피해방지에 관한 조례,,30000,032-880-5413,,인천광역시 미추홀구 문학동,인천광역시 미추홀구청,,,2021-05-31
하나로쇼핑,버스정류장 표지판으로부터 10미터 이내 구역,인천광역시,미추홀구,버스정류장,인천광역시 미추홀구 간접흡연 피해방지에 관한 조례,,30000,032-880-5413,,인천광역시 미추홀구 용현3동,인천광역시 미추홀구청,,,2021-05-31
신동아3차아파트,버스정류장 표지판으로부터 10미터 이내 구역,인천광역시,미추홀구,버스정류장,인천광역시 미추홀구 간접흡연 피해방지에 관한 조례,,30000,032-880-5413,,인천광역시 미추홀구 학익1동,인천광역시 미추홀구청,,,2021-05-31
신동아3차아파트,버스정류장 표지판으로부터 10미터 이내 구역,인천광역시,미추홀구,버스정류장,인천광역시 미추홀구 간접흡연 피해방지에 관한 조례,,30000,032-880-5413,,인천광역시 미추홀구 문학동,인천광역시 미추홀구청,,,2021-05-31
신동아아파트4차,버스정류장 표지판으로부터 10미터 이내 구역,인천광역시,미추홀구,버스정류장,인천광역시 미추홀구 간접흡연 피해방지에 관한 조례,,30000,032-880-5413,,인천광역시 미추홀구 학익1동,인천광역시 미추홀구청,,,2021-05-31
인하대역4번출구,버스정류장 표지판으로부터 10미터 이내 구역,인천광역시,미추홀구,버스정류장,인천광역시 미추홀구 간접흡연 피해방지에 관한 조례,,30000,032-880-5413,,인천광역시 미추홀구 용현3동,인천광역시 미추홀구청,,,2021-05-31
인천향교.인천도호부청사,버스정류장 표지판으로부터 10미터 이내 구역,인천광역시,미추홀구,버스정류장,인천광역시 미추홀구 간접흡연 피해방지에 관한 조례,,30000,032-880-5413,,인천광역시 미추홀구 문학동,인천광역시 미추홀구청,,,2021-05-31
인하대역3번출구,버스정류장 표지판으로부터 10미터 이내 구역,인천광역시,미추홀구,버스정류장,인천광역시 미추홀구 간접흡연 피해방지에 관한 조례,,30000,032-880-5413,,인천광역시 미추홀구 용현3동,인천광역시 미추홀구청,,,2021-05-31
연학초등학교,버스정류장 표지판으로부터 10미터 이내 구역,인천광역시,미추홀구,버스정류장,인천광역시 미추홀구 간접흡연 피해방지에 관한 조례,,30000,032-880-5413,,인천광역시 미추홀구 주안8동,인천광역시 미추홀구청,,,2021-05-31
연학초등학교,버스정류장 표지판으로부터 10미터 이내 구역,인천광역시,미추홀구,버스정류장,인천광역시 미추홀구 간접흡연 피해방지에 관한 조례,,30000,032-880-5413,,인천광역시 미추홀구 주안3동,인천광역시 미추홀구청,,,2021-05-31
신동아아파트5차,버스정류장 표지판으로부터 10미터 이내 구역,인천광역시,미추홀구,버스정류장,인천광역시 미추홀구 간접흡연 피해방지에 관한 조례,,30000,032-880-5413,,인천광역시 미추홀구 학익2동,인천광역시 미추홀구청,,,2021-05-31
굴다리,버스정류장 표지판으로부터 10미터 이내 구역,인천광역시,미추홀구,버스정류장,인천광역시 미추홀구 간접흡연 피해방지에 관한 조례,,30000,032-880-5413,,인천광역시 미추홀구 용현5동,인천광역시 미추홀구청,,,2021-05-31
신동아아파트,버스정류장 표지판으로부터 10미터 이내 구역,인천광역시,미추홀구,버스정류장,인천광역시 미추홀구 간접흡연 피해방지에 관한 조례,,30000,032-880-5413,,인천광역시 미추홀구 학익1동,인천광역시 미추홀구청,,,2021-05-31
문학경기장(야구장),버스정류장 표지판으로부터 10미터 이내 구역,인천광역시,미추홀구,버스정류장,인천광역시 미추홀구 간접흡연 피해방지에 관한 조례,,30000,032-880-5413,,인천광역시 미추홀구 문학동,인천광역시 미추홀구청,,,2021-05-31
학익2동행정복지센터,버스정류장 표지판으로부터 10미터 이내 구역,인천광역시,미추홀구,버스정류장,인천광역시 미추홀구 간접흡연 피해방지에 관한 조례,,30000,032-880-5413,,인천광역시 미추홀구 학익1동,인천광역시 미추홀구청,,,2021-05-31
학익2동행정복지센터,버스정류장 표지판으로부터 10미터 이내 구역,인천광역시,미추홀구,버스정류장,인천광역시 미추홀구 간접흡연 피해방지에 관한 조례,,30000,032-880-5413,,인천광역시 미추홀구 학익1동,인천광역시 미추홀구청,,,2021-05-31
현대아파트,버스정류장 표지판으로부터 10미터 이내 구역,인천광역시,미추홀구,버스정류장,인천광역시 미추홀구 간접흡연 피해방지에 관한 조례,,30000,032-880-5413,,인천광역시 미추홀구 용현3동,인천광역시 미추홀구청,,,2021-05-31
문학경기장(월드컵경기장),버스정류장 표지판으로부터 10미터 이내 구역,인천광역시,미추홀구,버스정류장,인천광역시 미추홀구 간접흡연 피해방지에 관한 조례,,30000,032-880-5413,,인천광역시 미추홀구 문학동,인천광역시 미추홀구청,,,2021-05-31
우진아파트,버스정류장 표지판으로부터 10미터 이내 구역,인천광역시,미추홀구,버스정류장,인천광역시 미추홀구 간접흡연 피해방지에 관한 조례,,30000,032-880-5413,,인천광역시 미추홀구 주안8동,인천광역시 미추홀구청,,,2021-05-31
우진아파트,버스정류장 표지판으로부터 10미터 이내 구역,인천광역시,미추홀구,버스정류장,인천광역시 미추홀구 간접흡연 피해방지에 관한 조례,,30000,032-880-5413,,인천광역시 미추홀구 주안8동,인천광역시 미추홀구청,,,2021-05-31
신동아아파트,버스정류장 표지판으로부터 10미터 이내 구역,인천광역시,미추홀구,버스정류장,인천광역시 미추홀구 간접흡연 피해방지에 관한 조례,,30000,032-880-5413,,인천광역시 미추홀구 학익1동,인천광역시 미추홀구청,,,2021-05-31
신동아아파트(B),버스정류장 표지판으로부터 10미터 이내 구역,인천광역시,미추홀구,버스정류장,인천광역시 미추홀구 간접흡연 피해방지에 관한 조례,,30000,032-880-5413,,인천광역시 미추홀구 주안8동,인천광역시 미추홀구청,,,2021-05-31
신비마을아파트,버스정류장 표지판으로부터 10미터 이내 구역,인천광역시,미추홀구,버스정류장,인천광역시 미추홀구 간접흡연 피해방지에 관한 조례,,30000,032-880-5413,,인천광역시 미추홀구 관교동,인천광역시 미추홀구청,,,2021-05-31
인하대후문,버스정류장 표지판으로부터 10미터 이내 구역,인천광역시,미추홀구,버스정류장,인천광역시 미추홀구 간접흡연 피해방지에 관한 조례,,30000,032-880-5413,,인천광역시 미추홀구 용현3동,인천광역시 미추홀구청,,,2021-05-31
인하대후문,버스정류장 표지판으로부터 10미터 이내 구역,인천광역시,미추홀구,버스정류장,인천광역시 미추홀구 간접흡연 피해방지에 관한 조례,,30000,032-880-5413,,인천광역시 미추홀구 용현3동,인천광역시 미추홀구청,,,2021-05-31
정석항공과학고,버스정류장 표지판으로부터 10미터 이내 구역,인천광역시,미추홀구,버스정류장,인천광역시 미추홀구 간접흡연 피해방지에 관한 조례,,30000,032-880-5413,,인천광역시 미추홀구 용현3동,인천광역시 미추홀구청,,,2021-05-31
학산소극장,버스정류장 표지판으로부터 10미터 이내 구역,인천광역시,미추홀구,버스정류장,인천광역시 미추홀구 간접흡연 피해방지에 관한 조례,,30000,032-880-5413,,인천광역시 미추홀구 용현3동,인천광역시 미추홀구청,,,2021-05-31
정석항공과학고,버스정류장 표지판으로부터 10미터 이내 구역,인천광역시,미추홀구,버스정류장,인천광역시 미추홀구 간접흡연 피해방지에 관한 조례,,30000,032-880-5413,,인천광역시 미추홀구 용현3동,인천광역시 미추홀구청,,,2021-05-31
신비마을아파트(112동),버스정류장 표지판으로부터 10미터 이내 구역,인천광역시,미추홀구,버스정류장,인천광역시 미추홀구 간접흡연 피해방지에 관한 조례,,30000,032-880-5413,,인천광역시 미추홀구 관교동,인천광역시 미추홀구청,,,2021-05-31
유원아파트,버스정류장 표지판으로부터 10미터 이내 구역,인천광역시,미추홀구,버스정류장,인천광역시 미추홀구 간접흡연 피해방지에 관한 조례,,30000,032-880-5413,,인천광역시 미추홀구 용현3동,인천광역시 미추홀구청,,,2021-05-31
제운사거리,버스정류장 표지판으로부터 10미터 이내 구역,인천광역시,미추홀구,버스정류장,인천광역시 미추홀구 간접흡연 피해방지에 관한 조례,,30000,032-880-5413,,인천광역시 미추홀구 용현3동,인천광역시 미추홀구청,,,2021-05-31
용현고개,버스정류장 표지판으로부터 10미터 이내 구역,인천광역시,미추홀구,버스정류장,인천광역시 미추홀구 간접흡연 피해방지에 관한 조례,,30000,032-880-5413,,인천광역시 미추홀구 용현3동,인천광역시 미추홀구청,,,2021-05-31
용남파출소,버스정류장 표지판으로부터 10미터 이내 구역,인천광역시,미추홀구,버스정류장,인천광역시 미추홀구 간접흡연 피해방지에 관한 조례,,30000,032-880-5413,,인천광역시 미추홀구 용현1동,인천광역시 미추홀구청,,,2021-05-31
엑슬루타워,버스정류장 표지판으로부터 10미터 이내 구역,인천광역시,미추홀구,버스정류장,인천광역시 미추홀구 간접흡연 피해방지에 관한 조례,,30000,032-880-5413,,인천광역시 미추홀구 용현3동,인천광역시 미추홀구청,,,2021-05-31
인천소방본부,버스정류장 표지판으로부터 10미터 이내 구역,인천광역시,미추홀구,버스정류장,인천광역시 미추홀구 간접흡연 피해방지에 관한 조례,,30000,032-880-5413,,인천광역시 미추홀구 주안3동,인천광역시 미추홀구청,,,2021-05-31
인천소방본부,버스정류장 표지판으로부터 10미터 이내 구역,인천광역시,미추홀구,버스정류장,인천광역시 미추홀구 간접흡연 피해방지에 관한 조례,,30000,032-880-5413,,인천광역시 미추홀구 주안3동,인천광역시 미추홀구청,,,2021-05-31
동부아파트,버스정류장 표지판으로부터 10미터 이내 구역,인천광역시,미추홀구,버스정류장,인천광역시 미추홀구 간접흡연 피해방지에 관한 조례,,30000,032-880-5413,,인천광역시 미추홀구 관교동,인천광역시 미추홀구청,,,2021-05-31
인명여자고등학교,버스정류장 표지판으로부터 10미터 이내 구역,인천광역시,미추홀구,버스정류장,인천광역시 미추홀구 간접흡연 피해방지에 관한 조례,,30000,032-880-5413,,인천광역시 미추홀구 관교동,인천광역시 미추홀구청,,,2021-05-31
주안3동행정복지센터,버스정류장 표지판으로부터 10미터 이내 구역,인천광역시,미추홀구,버스정류장,인천광역시 미추홀구 간접흡연 피해방지에 관한 조례,,30000,032-880-5413,,인천광역시 미추홀구 주안3동,인천광역시 미추홀구청,,,2021-05-31
관교중학교(약수터),버스정류장 표지판으로부터 10미터 이내 구역,인천광역시,미추홀구,버스정류장,인천광역시 미추홀구 간접흡연 피해방지에 관한 조례,,30000,032-880-5413,,인천광역시 미추홀구 관교동,인천광역시 미추홀구청,,,2021-05-31
관교중학교(약수터),버스정류장 표지판으로부터 10미터 이내 구역,인천광역시,미추홀구,버스정류장,인천광역시 미추홀구 간접흡연 피해방지에 관한 조례,,30000,032-880-5413,,인천광역시 미추홀구 관교동,인천광역시 미추홀구청,,,2021-05-31
주안3동행정복지센터,버스정류장 표지판으로부터 10미터 이내 구역,인천광역시,미추홀구,버스정류장,인천광역시 미추홀구 간접흡연 피해방지에 관한 조례,,30000,032-880-5413,,인천광역시 미추홀구 주안3동,인천광역시 미추홀구청,,,2021-05-31
인명여자고등학교,버스정류장 표지판으로부터 10미터 이내 구역,인천광역시,미추홀구,버스정류장,인천광역시 미추홀구 간접흡연 피해방지에 관한 조례,,30000,032-880-5413,,인천광역시 미추홀구 관교동,인천광역시 미추홀구청,,,2021-05-31
주안아파트,버스정류장 표지판으로부터 10미터 이내 구역,인천광역시,미추홀구,버스정류장,인천광역시 미추홀구 간접흡연 피해방지에 관한 조례,,30000,032-880-5413,,인천광역시 미추홀구 주안8동,인천광역시 미추홀구청,,,2021-05-31
용일사거리,버스정류장 표지판으로부터 10미터 이내 구역,인천광역시,미추홀구,버스정류장,인천광역시 미추홀구 간접흡연 피해방지에 관한 조례,,30000,032-880-5413,,인천광역시 미추홀구 주안3동,인천광역시 미추홀구청,,,2021-05-31
주안아파트,버스정류장 표지판으로부터 10미터 이내 구역,인천광역시,미추홀구,버스정류장,인천광역시 미추홀구 간접흡연 피해방지에 관한 조례,,30000,032-880-5413,,인천광역시 미추홀구 주안8동,인천광역시 미추홀구청,,,2021-05-31
쌍용아파트,버스정류장 표지판으로부터 10미터 이내 구역,인천광역시,미추홀구,버스정류장,인천광역시 미추홀구 간접흡연 피해방지에 관한 조례,,30000,032-880-5413,,인천광역시 미추홀구 관교동,인천광역시 미추홀구청,,,2021-05-31
숭의역(2번출구),버스정류장 표지판으로부터 10미터 이내 구역,인천광역시,미추홀구,버스정류장,인천광역시 미추홀구 간접흡연 피해방지에 관한 조례,,30000,032-880-5413,,인천광역시 미추홀구 신흥동,인천광역시 미추홀구청,,,2021-05-31
용현사거리,버스정류장 표지판으로부터 10미터 이내 구역,인천광역시,미추홀구,버스정류장,인천광역시 미추홀구 간접흡연 피해방지에 관한 조례,,30000,032-880-5413,,인천광역시 미추홀구 용현3동,인천광역시 미추홀구청,,,2021-05-31
용현사거리,버스정류장 표지판으로부터 10미터 이내 구역,인천광역시,미추홀구,버스정류장,인천광역시 미추홀구 간접흡연 피해방지에 관한 조례,,30000,032-880-5413,,인천광역시 미추홀구 용현3동,인천광역시 미추홀구청,,,2021-05-31
주안7동행정복지센터,버스정류장 표지판으로부터 10미터 이내 구역,인천광역시,미추홀구,버스정류장,인천광역시 미추홀구 간접흡연 피해방지에 관한 조례,,30000,032-880-5413,,인천광역시 미추홀구 주안8동,인천광역시 미추홀구청,,,2021-05-31
주안7동행정복지센터,버스정류장 표지판으로부터 10미터 이내 구역,인천광역시,미추홀구,버스정류장,인천광역시 미추홀구 간접흡연 피해방지에 관한 조례,,30000,032-880-5413,,인천광역시 미추홀구 주안8동,인천광역시 미추홀구청,,,2021-05-31
신기.남부종합시장(진흥사거리),버스정류장 표지판으로부터 10미터 이내 구역,인천광역시,미추홀구,버스정류장,인천광역시 미추홀구 간접흡연 피해방지에 관한 조례,,30000,032-880-5413,,인천광역시 미추홀구 주안8동,인천광역시 미추홀구청,,,2021-05-31
신기.남부종합시장(진흥사거리),버스정류장 표지판으로부터 10미터 이내 구역,인천광역시,미추홀구,버스정류장,인천광역시 미추홀구 간접흡연 피해방지에 관한 조례,,30000,032-880-5413,,인천광역시 미추홀구 주안8동,인천광역시 미추홀구청,,,2021-05-31
용현3동행정복지센터.보훈병원,버스정류장 표지판으로부터 10미터 이내 구역,인천광역시,미추홀구,버스정류장,인천광역시 미추홀구 간접흡연 피해방지에 관한 조례,,30000,032-880-5413,,인천광역시 미추홀구 용현3동,인천광역시 미추홀구청,,,2021-05-31
미추홀퍼스트(3단지),버스정류장 표지판으로부터 10미터 이내 구역,인천광역시,미추홀구,버스정류장,인천광역시 미추홀구 간접흡연 피해방지에 관한 조례,,30000,032-880-5413,,인천광역시 미추홀구 숭의1동,인천광역시 미추홀구청,,,2021-05-31
신비마을아파트,버스정류장 표지판으로부터 10미터 이내 구역,인천광역시,미추홀구,버스정류장,인천광역시 미추홀구 간접흡연 피해방지에 관한 조례,,30000,032-880-5413,,인천광역시 미추홀구 관교동,인천광역시 미추홀구청,,,2021-05-31
용현3동행정복지센터.보훈병원,버스정류장 표지판으로부터 10미터 이내 구역,인천광역시,미추홀구,버스정류장,인천광역시 미추홀구 간접흡연 피해방지에 관한 조례,,30000,032-880-5413,,인천광역시 미추홀구 용현3동,인천광역시 미추홀구청,,,2021-05-31
신비마을아파트,버스정류장 표지판으로부터 10미터 이내 구역,인천광역시,미추홀구,버스정류장,인천광역시 미추홀구 간접흡연 피해방지에 관한 조례,,30000,032-880-5413,,인천광역시 미추홀구 관교동,인천광역시 미추홀구청,,,2021-05-31
관교여자중학교,버스정류장 표지판으로부터 10미터 이내 구역,인천광역시,미추홀구,버스정류장,인천광역시 미추홀구 간접흡연 피해방지에 관한 조례,,30000,032-880-5413,,인천광역시 미추홀구 관교동,인천광역시 미추홀구청,,,2021-05-31
쌍용아파트,버스정류장 표지판으로부터 10미터 이내 구역,인천광역시,미추홀구,버스정류장,인천광역시 미추홀구 간접흡연 피해방지에 관한 조례,,30000,032-880-5413,,인천광역시 미추홀구 주안8동,인천광역시 미추홀구청,,,2021-05-31
관교여자중학교,버스정류장 표지판으로부터 10미터 이내 구역,인천광역시,미추홀구,버스정류장,인천광역시 미추홀구 간접흡연 피해방지에 관한 조례,,30000,032-880-5413,,인천광역시 미추홀구 관교동,인천광역시 미추홀구청,,,2021-05-31
용남시장,버스정류장 표지판으로부터 10미터 이내 구역,인천광역시,미추홀구,버스정류장,인천광역시 미추홀구 간접흡연 피해방지에 관한 조례,,30000,032-880-5413,,인천광역시 미추홀구 용현3동,인천광역시 미추홀구청,,,2021-05-31
용일초등학교,버스정류장 표지판으로부터 10미터 이내 구역,인천광역시,미추홀구,버스정류장,인천광역시 미추홀구 간접흡연 피해방지에 관한 조례,,30000,032-880-5413,,인천광역시 미추홀구 용현3동,인천광역시 미추홀구청,,,2021-05-31
독정이고개,버스정류장 표지판으로부터 10미터 이내 구역,인천광역시,미추홀구,버스정류장,인천광역시 미추홀구 간접흡연 피해방지에 관한 조례,,30000,032-880-5413,,인천광역시 미추홀구 용현3동,인천광역시 미추홀구청,,,2021-05-31
용남시장,버스정류장 표지판으로부터 10미터 이내 구역,인천광역시,미추홀구,버스정류장,인천광역시 미추홀구 간접흡연 피해방지에 관한 조례,,30000,032-880-5413,,인천광역시 미추홀구 주안8동,인천광역시 미추홀구청,,,2021-05-31
용일초등학교,버스정류장 표지판으로부터 10미터 이내 구역,인천광역시,미추홀구,버스정류장,인천광역시 미추홀구 간접흡연 피해방지에 관한 조례,,30000,032-880-5413,,인천광역시 미추홀구 용현3동,인천광역시 미추홀구청,,,2021-05-31
독정이고개,버스정류장 표지판으로부터 10미터 이내 구역,인천광역시,미추홀구,버스정류장,인천광역시 미추홀구 간접흡연 피해방지에 관한 조례,,30000,032-880-5413,,인천광역시 미추홀구 용현3동,인천광역시 미추홀구청,,,2021-05-31
종합터미널역,버스정류장 표지판으로부터 10미터 이내 구역,인천광역시,미추홀구,버스정류장,인천광역시 미추홀구 간접흡연 피해방지에 관한 조례,,30000,032-880-5413,,인천광역시 미추홀구 관교동,인천광역시 미추홀구청,,,2021-05-31
석락아파트,버스정류장 표지판으로부터 10미터 이내 구역,인천광역시,미추홀구,버스정류장,인천광역시 미추홀구 간접흡연 피해방지에 관한 조례,,30000,032-880-5413,,인천광역시 미추홀구 주안3동,인천광역시 미추홀구청,,,2021-05-31
종합터미널,버스정류장 표지판으로부터 10미터 이내 구역,인천광역시,미추홀구,버스정류장,인천광역시 미추홀구 간접흡연 피해방지에 관한 조례,,30000,032-880-5413,,인천광역시 미추홀구 관교동,인천광역시 미추홀구청,,,2021-05-31
석락아파트,버스정류장 표지판으로부터 10미터 이내 구역,인천광역시,미추홀구,버스정류장,인천광역시 미추홀구 간접흡연 피해방지에 관한 조례,,30000,032-880-5413,,인천광역시 미추홀구 주안2동,인천광역시 미추홀구청,,,2021-05-31
풍림아파트,버스정류장 표지판으로부터 10미터 이내 구역,인천광역시,미추홀구,버스정류장,인천광역시 미추홀구 간접흡연 피해방지에 관한 조례,,30000,032-880-5413,,인천광역시 미추홀구 관교동,인천광역시 미추홀구청,,,2021-05-31
풍림아파트,버스정류장 표지판으로부터 10미터 이내 구역,인천광역시,미추홀구,버스정류장,인천광역시 미추홀구 간접흡연 피해방지에 관한 조례,,30000,032-880-5413,,인천광역시 미추홀구 관교동,인천광역시 미추홀구청,,,2021-05-31
로얄아파트,버스정류장 표지판으로부터 10미터 이내 구역,인천광역시,미추홀구,버스정류장,인천광역시 미추홀구 간접흡연 피해방지에 관한 조례,,30000,032-880-5413,,인천광역시 미추홀구 주안8동,인천광역시 미추홀구청,,,2021-05-31
동아아파트,버스정류장 표지판으로부터 10미터 이내 구역,인천광역시,미추홀구,버스정류장,인천광역시 미추홀구 간접흡연 피해방지에 관한 조례,,30000,032-880-5413,,인천광역시 미추홀구 관교동,인천광역시 미추홀구청,,,2021-05-31
순복음교회앞,버스정류장 표지판으로부터 10미터 이내 구역,인천광역시,미추홀구,버스정류장,인천광역시 미추홀구 간접흡연 피해방지에 관한 조례,,30000,032-880-5413,,인천광역시 미추홀구 관교동,인천광역시 미추홀구청,,,2021-05-31
순복음교회,버스정류장 표지판으로부터 10미터 이내 구역,인천광역시,미추홀구,버스정류장,인천광역시 미추홀구 간접흡연 피해방지에 관한 조례,,30000,032-880-5413,,인천광역시 미추홀구 관교동,인천광역시 미추홀구청,,,2021-05-31
예술회관사거리,버스정류장 표지판으로부터 10미터 이내 구역,인천광역시,미추홀구,버스정류장,인천광역시 미추홀구 간접흡연 피해방지에 관한 조례,,30000,032-880-5413,,인천광역시 미추홀구 관교동,인천광역시 미추홀구청,,,2021-05-31
새안의원,버스정류장 표지판으로부터 10미터 이내 구역,인천광역시,미추홀구,버스정류장,인천광역시 미추홀구 간접흡연 피해방지에 관한 조례,,30000,032-880-5413,,인천광역시 미추홀구 주안2동,인천광역시 미추홀구청,,,2021-05-31
새안의원,버스정류장 표지판으로부터 10미터 이내 구역,인천광역시,미추홀구,버스정류장,인천광역시 미추홀구 간접흡연 피해방지에 관한 조례,,30000,032-880-5413,,인천광역시 미추홀구 주안3동,인천광역시 미추홀구청,,,2021-05-31
남광로얄아파트,버스정류장 표지판으로부터 10미터 이내 구역,인천광역시,미추홀구,버스정류장,인천광역시 미추홀구 간접흡연 피해방지에 관한 조례,,30000,032-880-5413,,인천광역시 미추홀구 주안8동,인천광역시 미추홀구청,,,2021-05-31
한신아파트,버스정류장 표지판으로부터 10미터 이내 구역,인천광역시,미추홀구,버스정류장,인천광역시 미추홀구 간접흡연 피해방지에 관한 조례,,30000,032-880-5413,,인천광역시 미추홀구 주안8동,인천광역시 미추홀구청,,,2021-05-31
숭의로터리,버스정류장 표지판으로부터 10미터 이내 구역,인천광역시,미추홀구,버스정류장,인천광역시 미추홀구 간접흡연 피해방지에 관한 조례,,30000,032-880-5413,,인천광역시 미추홀구 숭의1동,인천광역시 미추홀구청,,,2021-05-31
숭의로터리,버스정류장 표지판으로부터 10미터 이내 구역,인천광역시,미추홀구,버스정류장,인천광역시 미추홀구 간접흡연 피해방지에 관한 조례,,30000,032-880-5413,,인천광역시 미추홀구 숭의1동,인천광역시 미추홀구청,,,2021-05-31
한신아파트,버스정류장 표지판으로부터 10미터 이내 구역,인천광역시,미추홀구,버스정류장,인천광역시 미추홀구 간접흡연 피해방지에 관한 조례,,30000,032-880-5413,,인천광역시 미추홀구 주안8동,인천광역시 미추홀구청,,,2021-05-31
숭의교회,버스정류장 표지판으로부터 10미터 이내 구역,인천광역시,미추홀구,버스정류장,인천광역시 미추홀구 간접흡연 피해방지에 관한 조례,,30000,032-880-5413,,인천광역시 미추홀구 숭의1동,인천광역시 미추홀구청,,,2021-05-31
용현시장,버스정류장 표지판으로부터 10미터 이내 구역,인천광역시,미추홀구,버스정류장,인천광역시 미추홀구 간접흡연 피해방지에 관한 조례,,30000,032-880-5413,,인천광역시 미추홀구 용현3동,인천광역시 미추홀구청,,,2021-05-31
숭의교회,버스정류장 표지판으로부터 10미터 이내 구역,인천광역시,미추홀구,버스정류장,인천광역시 미추홀구 간접흡연 피해방지에 관한 조례,,30000,032-880-5413,,인천광역시 미추홀구 숭의1동,인천광역시 미추홀구청,,,2021-05-31
인천기계공고,버스정류장 표지판으로부터 10미터 이내 구역,인천광역시,미추홀구,버스정류장,인천광역시 미추홀구 간접흡연 피해방지에 관한 조례,,30000,032-880-5413,,인천광역시 미추홀구 주안2동,인천광역시 미추홀구청,,,2021-05-31
숭의로터리,버스정류장 표지판으로부터 10미터 이내 구역,인천광역시,미추홀구,버스정류장,인천광역시 미추홀구 간접흡연 피해방지에 관한 조례,,30000,032-880-5413,,인천광역시 미추홀구 숭의1동,인천광역시 미추홀구청,,,2021-05-31
국민건강보험남부지사,버스정류장 표지판으로부터 10미터 이내 구역,인천광역시,미추홀구,버스정류장,인천광역시 미추홀구 간접흡연 피해방지에 관한 조례,,30000,032-880-5413,,인천광역시 미추홀구 주안8동,인천광역시 미추홀구청,,,2021-05-31
신기사거리,버스정류장 표지판으로부터 10미터 이내 구역,인천광역시,미추홀구,버스정류장,인천광역시 미추홀구 간접흡연 피해방지에 관한 조례,,30000,032-880-5413,,인천광역시 미추홀구 주안2동,인천광역시 미추홀구청,,,2021-05-31
숭의로터리.도원체육관,버스정류장 표지판으로부터 10미터 이내 구역,인천광역시,미추홀구,버스정류장,인천광역시 미추홀구 간접흡연 피해방지에 관한 조례,,30000,032-880-5413,,인천광역시 미추홀구 숭의1동,인천광역시 미추홀구청,,,2021-05-31
연성교회,버스정류장 표지판으로부터 10미터 이내 구역,인천광역시,미추홀구,버스정류장,인천광역시 미추홀구 간접흡연 피해방지에 관한 조례,,30000,032-880-5413,,인천광역시 미추홀구 관교동,인천광역시 미추홀구청,,,2021-05-31
삼영아파트,버스정류장 표지판으로부터 10미터 이내 구역,인천광역시,미추홀구,버스정류장,인천광역시 미추홀구 간접흡연 피해방지에 관한 조례,,30000,032-880-5413,,인천광역시 미추홀구 주안8동,인천광역시 미추홀구청,,,2021-05-31
삼영아파트,버스정류장 표지판으로부터 10미터 이내 구역,인천광역시,미추홀구,버스정류장,인천광역시 미추홀구 간접흡연 피해방지에 관한 조례,,30000,032-880-5413,,인천광역시 미추홀구 주안8동,인천광역시 미추홀구청,,,2021-05-31
인천기계공고,버스정류장 표지판으로부터 10미터 이내 구역,인천광역시,미추홀구,버스정류장,인천광역시 미추홀구 간접흡연 피해방지에 관한 조례,,30000,032-880-5413,,인천광역시 미추홀구 주안2동,인천광역시 미추홀구청,,,2021-05-31
주안남초등학교,버스정류장 표지판으로부터 10미터 이내 구역,인천광역시,미추홀구,버스정류장,인천광역시 미추홀구 간접흡연 피해방지에 관한 조례,,30000,032-880-5413,,인천광역시 미추홀구 주안4동,인천광역시 미추홀구청,,,2021-05-31
주안남초등학교,버스정류장 표지판으로부터 10미터 이내 구역,인천광역시,미추홀구,버스정류장,인천광역시 미추홀구 간접흡연 피해방지에 관한 조례,,30000,032-880-5413,,인천광역시 미추홀구 주안8동,인천광역시 미추홀구청,,,2021-05-31
장안사거리,버스정류장 표지판으로부터 10미터 이내 구역,인천광역시,미추홀구,버스정류장,인천광역시 미추홀구 간접흡연 피해방지에 관한 조례,,30000,032-880-5413,,인천광역시 미추홀구 숭의1동,인천광역시 미추홀구청,,,2021-05-31
숭의초등학교입구,버스정류장 표지판으로부터 10미터 이내 구역,인천광역시,미추홀구,버스정류장,인천광역시 미추홀구 간접흡연 피해방지에 관한 조례,,30000,032-880-5413,,인천광역시 미추홀구 숭의1동,인천광역시 미추홀구청,,,2021-05-31
제물포여자중학교,버스정류장 표지판으로부터 10미터 이내 구역,인천광역시,미추홀구,버스정류장,인천광역시 미추홀구 간접흡연 피해방지에 관한 조례,,30000,032-880-5413,,인천광역시 미추홀구 주안8동,인천광역시 미추홀구청,,,2021-05-31
수봉공원종점,버스정류장 표지판으로부터 10미터 이내 구역,인천광역시,미추홀구,버스정류장,인천광역시 미추홀구 간접흡연 피해방지에 관한 조례,,30000,032-880-5413,,인천광역시 미추홀구 용현3동,인천광역시 미추홀구청,,,2021-05-31
제물포여자중학교,버스정류장 표지판으로부터 10미터 이내 구역,인천광역시,미추홀구,버스정류장,인천광역시 미추홀구 간접흡연 피해방지에 관한 조례,,30000,032-880-5413,,인천광역시 미추홀구 주안8동,인천광역시 미추홀구청,,,2021-05-31
금강요양병원,버스정류장 표지판으로부터 10미터 이내 구역,인천광역시,미추홀구,버스정류장,인천광역시 미추홀구 간접흡연 피해방지에 관한 조례,,30000,032-880-5413,,인천광역시 미추홀구 주안8동,인천광역시 미추홀구청,,,2021-05-31
재흥시장,버스정류장 표지판으로부터 10미터 이내 구역,인천광역시,미추홀구,버스정류장,인천광역시 미추홀구 간접흡연 피해방지에 관한 조례,,30000,032-880-5413,,인천광역시 미추홀구 주안3동,인천광역시 미추홀구청,,,2021-05-31
기계공고,버스정류장 표지판으로부터 10미터 이내 구역,인천광역시,미추홀구,버스정류장,인천광역시 미추홀구 간접흡연 피해방지에 관한 조례,,30000,032-880-5413,,인천광역시 미추홀구 주안2동,인천광역시 미추홀구청,,,2021-05-31
장안사거리,버스정류장 표지판으로부터 10미터 이내 구역,인천광역시,미추홀구,버스정류장,인천광역시 미추홀구 간접흡연 피해방지에 관한 조례,,30000,032-880-5413,,인천광역시 미추홀구 숭의1동,인천광역시 미추홀구청,,,2021-05-31
제물포여자중학교,버스정류장 표지판으로부터 10미터 이내 구역,인천광역시,미추홀구,버스정류장,인천광역시 미추홀구 간접흡연 피해방지에 관한 조례,,30000,032-880-5413,,인천광역시 미추홀구 주안4동,인천광역시 미추홀구청,,,2021-05-31
동양장사거리,버스정류장 표지판으로부터 10미터 이내 구역,인천광역시,미추홀구,버스정류장,인천광역시 미추홀구 간접흡연 피해방지에 관한 조례,,30000,032-880-5413,,인천광역시 미추홀구 주안8동,인천광역시 미추홀구청,,,2021-05-31
주안2동치안센터,버스정류장 표지판으로부터 10미터 이내 구역,인천광역시,미추홀구,버스정류장,인천광역시 미추홀구 간접흡연 피해방지에 관한 조례,,30000,032-880-5413,,인천광역시 미추홀구 주안2동,인천광역시 미추홀구청,,,2021-05-31
인천축구전용경기장,버스정류장 표지판으로부터 10미터 이내 구역,인천광역시,미추홀구,버스정류장,인천광역시 미추홀구 간접흡연 피해방지에 관한 조례,,30000,032-880-5413,,인천광역시 미추홀구 숭의1동,인천광역시 미추홀구청,,,2021-05-31
인고체육관,버스정류장 표지판으로부터 10미터 이내 구역,인천광역시,미추홀구,버스정류장,인천광역시 미추홀구 간접흡연 피해방지에 관한 조례,,30000,032-880-5413,,인천광역시 미추홀구 주안3동,인천광역시 미추홀구청,,,2021-05-31
미추홀구청입구,버스정류장 표지판으로부터 10미터 이내 구역,인천광역시,미추홀구,버스정류장,인천광역시 미추홀구 간접흡연 피해방지에 관한 조례,,30000,032-880-5413,,인천광역시 미추홀구 숭의1동,인천광역시 미추홀구청,,,2021-05-31
인고체육관(동양장사거리),버스정류장 표지판으로부터 10미터 이내 구역,인천광역시,미추홀구,버스정류장,인천광역시 미추홀구 간접흡연 피해방지에 관한 조례,,30000,032-880-5413,,인천광역시 미추홀구 주안4동,인천광역시 미추홀구청,,,2021-05-31
미추홀구청입구,버스정류장 표지판으로부터 10미터 이내 구역,인천광역시,미추홀구,버스정류장,인천광역시 미추홀구 간접흡연 피해방지에 관한 조례,,30000,032-880-5413,,인천광역시 미추홀구 숭의1동,인천광역시 미추홀구청,,,2021-05-31
숭의목공예마을앞,버스정류장 표지판으로부터 10미터 이내 구역,인천광역시,미추홀구,버스정류장,인천광역시 미추홀구 간접흡연 피해방지에 관한 조례,,30000,032-880-5413,,인천광역시 미추홀구 숭의1동,인천광역시 미추홀구청,,,2021-05-31
도원가로공원,버스정류장 표지판으로부터 10미터 이내 구역,인천광역시,미추홀구,버스정류장,인천광역시 미추홀구 간접흡연 피해방지에 관한 조례,,30000,032-880-5413,,인천광역시 미추홀구 숭의3동,인천광역시 미추홀구청,,,2021-05-31
숭의목공예마을앞,버스정류장 표지판으로부터 10미터 이내 구역,인천광역시,미추홀구,버스정류장,인천광역시 미추홀구 간접흡연 피해방지에 관한 조례,,30000,032-880-5413,,인천광역시 미추홀구 숭의1동,인천광역시 미추홀구청,,,2021-05-31
제일시장,버스정류장 표지판으로부터 10미터 이내 구역,인천광역시,미추홀구,버스정류장,인천광역시 미추홀구 간접흡연 피해방지에 관한 조례,,30000,032-880-5413,,인천광역시 미추홀구 도화2동,인천광역시 미추홀구청,,,2021-05-31
인고앞,버스정류장 표지판으로부터 10미터 이내 구역,인천광역시,미추홀구,버스정류장,인천광역시 미추홀구 간접흡연 피해방지에 관한 조례,,30000,032-880-5413,,인천광역시 미추홀구 주안4동,인천광역시 미추홀구청,,,2021-05-31
(구)시민회관사거리,버스정류장 표지판으로부터 10미터 이내 구역,인천광역시,미추홀구,버스정류장,인천광역시 미추홀구 간접흡연 피해방지에 관한 조례,,30000,032-880-5413,,인천광역시 미추홀구 주안4동,인천광역시 미추홀구청,,,2021-05-31
롯데월드타워,버스정류장 표지판으로부터 10미터 이내 구역,인천광역시,미추홀구,버스정류장,인천광역시 미추홀구 간접흡연 피해방지에 관한 조례,,30000,032-880-5413,,인천광역시 미추홀구 도화2동,인천광역시 미추홀구청,,,2021-05-31
(구)시민회관사거리,버스정류장 표지판으로부터 10미터 이내 구역,인천광역시,미추홀구,버스정류장,인천광역시 미추홀구 간접흡연 피해방지에 관한 조례,,30000,032-880-5413,,인천광역시 미추홀구 주안2동,인천광역시 미추홀구청,,,2021-05-31
롯데월드타워,버스정류장 표지판으로부터 10미터 이내 구역,인천광역시,미추홀구,버스정류장,인천광역시 미추홀구 간접흡연 피해방지에 관한 조례,,30000,032-880-5413,,인천광역시 미추홀구 도화2동,인천광역시 미추홀구청,,,2021-05-31
숭의1.3동(극동아파트),버스정류장 표지판으로부터 10미터 이내 구역,인천광역시,미추홀구,버스정류장,인천광역시 미추홀구 간접흡연 피해방지에 관한 조례,,30000,032-880-5413,,인천광역시 미추홀구 숭의1동,인천광역시 미추홀구청,,,2021-05-31
제일시장,버스정류장 표지판으로부터 10미터 이내 구역,인천광역시,미추홀구,버스정류장,인천광역시 미추홀구 간접흡연 피해방지에 관한 조례,,30000,032-880-5413,,인천광역시 미추홀구 도화2동,인천광역시 미추홀구청,,,2021-05-31
주안사거리,버스정류장 표지판으로부터 10미터 이내 구역,인천광역시,미추홀구,버스정류장,인천광역시 미추홀구 간접흡연 피해방지에 관한 조례,,30000,032-880-5413,,인천광역시 미추홀구 주안1동,인천광역시 미추홀구청,,,2021-05-31
남중학교,버스정류장 표지판으로부터 10미터 이내 구역,인천광역시,미추홀구,버스정류장,인천광역시 미추홀구 간접흡연 피해방지에 관한 조례,,30000,032-880-5413,,인천광역시 미추홀구 숭의1동,인천광역시 미추홀구청,,,2021-05-31
시민공원.문화창작지대,버스정류장 표지판으로부터 10미터 이내 구역,인천광역시,미추홀구,버스정류장,인천광역시 미추홀구 간접흡연 피해방지에 관한 조례,,30000,032-880-5413,,인천광역시 미추홀구 주안2동,인천광역시 미추홀구청,,,2021-05-31
남중학교,버스정류장 표지판으로부터 10미터 이내 구역,인천광역시,미추홀구,버스정류장,인천광역시 미추홀구 간접흡연 피해방지에 관한 조례,,30000,032-880-5413,,인천광역시 미추홀구 숭의1동,인천광역시 미추홀구청,,,2021-05-31
숭의1.3동(극동아파트),버스정류장 표지판으로부터 10미터 이내 구역,인천광역시,미추홀구,버스정류장,인천광역시 미추홀구 간접흡연 피해방지에 관한 조례,,30000,032-880-5413,,인천광역시 미추홀구 숭의1동,인천광역시 미추홀구청,,,2021-05-31
인고앞,버스정류장 표지판으로부터 10미터 이내 구역,인천광역시,미추홀구,버스정류장,인천광역시 미추홀구 간접흡연 피해방지에 관한 조례,,30000,032-880-5413,,인천광역시 미추홀구 주안4동,인천광역시 미추홀구청,,,2021-05-31
도화1동행정복지센터,버스정류장 표지판으로부터 10미터 이내 구역,인천광역시,미추홀구,버스정류장,인천광역시 미추홀구 간접흡연 피해방지에 관한 조례,,30000,032-880-5413,,인천광역시 미추홀구 도화1동,인천광역시 미추홀구청,,,2021-05-31
시민공원(문화창작지대)역,버스정류장 표지판으로부터 10미터 이내 구역,인천광역시,미추홀구,버스정류장,인천광역시 미추홀구 간접흡연 피해방지에 관한 조례,,30000,032-880-5413,,인천광역시 미추홀구 주안4동,인천광역시 미추홀구청,,,2021-05-31
숭의박문아파트,버스정류장 표지판으로부터 10미터 이내 구역,인천광역시,미추홀구,버스정류장,인천광역시 미추홀구 간접흡연 피해방지에 관한 조례,,30000,032-880-5413,,인천광역시 미추홀구 숭의1동,인천광역시 미추홀구청,,,2021-05-31
숭의박문아파트,버스정류장 표지판으로부터 10미터 이내 구역,인천광역시,미추홀구,버스정류장,인천광역시 미추홀구 간접흡연 피해방지에 관한 조례,,30000,032-880-5413,,인천광역시 미추홀구 숭의1동,인천광역시 미추홀구청,,,2021-05-31
제물포역,버스정류장 표지판으로부터 10미터 이내 구역,인천광역시,미추홀구,버스정류장,인천광역시 미추홀구 간접흡연 피해방지에 관한 조례,,30000,032-880-5413,,인천광역시 미추홀구 도화1동,인천광역시 미추홀구청,,,2021-05-31
도화IC,버스정류장 표지판으로부터 10미터 이내 구역,인천광역시,미추홀구,버스정류장,인천광역시 미추홀구 간접흡연 피해방지에 관한 조례,,30000,032-880-5413,,인천광역시 미추홀구 도화1동,인천광역시 미추홀구청,,,2021-05-31
교보생명,버스정류장 표지판으로부터 10미터 이내 구역,인천광역시,미추홀구,버스정류장,인천광역시 미추홀구 간접흡연 피해방지에 관한 조례,,30000,032-880-5413,,인천광역시 미추홀구 주안1동,인천광역시 미추홀구청,,,2021-05-31
주안현대아파트,버스정류장 표지판으로부터 10미터 이내 구역,인천광역시,미추홀구,버스정류장,인천광역시 미추홀구 간접흡연 피해방지에 관한 조례,,30000,032-880-5413,,인천광역시 미추홀구 주안8동,인천광역시 미추홀구청,,,2021-05-31
시민공원,버스정류장 표지판으로부터 10미터 이내 구역,인천광역시,미추홀구,버스정류장,인천광역시 미추홀구 간접흡연 피해방지에 관한 조례,,30000,032-880-5413,,인천광역시 미추홀구 주안8동,인천광역시 미추홀구청,,,2021-05-31
수봉공원.인천수봉문화회관입구,버스정류장 표지판으로부터 10미터 이내 구역,인천광역시,미추홀구,버스정류장,인천광역시 미추홀구 간접흡연 피해방지에 관한 조례,,30000,032-880-5413,,인천광역시 미추홀구 도화1동,인천광역시 미추홀구청,,,2021-05-31
석바위,버스정류장 표지판으로부터 10미터 이내 구역,인천광역시,미추홀구,버스정류장,인천광역시 미추홀구 간접흡연 피해방지에 관한 조례,,30000,032-880-5413,,인천광역시 미추홀구 주안4동,인천광역시 미추홀구청,,,2021-05-31
도화초등학교.수봉도서관,버스정류장 표지판으로부터 10미터 이내 구역,인천광역시,미추홀구,버스정류장,인천광역시 미추홀구 간접흡연 피해방지에 관한 조례,,30000,032-880-5413,,인천광역시 미추홀구 도화1동,인천광역시 미추홀구청,,,2021-05-31
도화초등학교.수봉도서관,버스정류장 표지판으로부터 10미터 이내 구역,인천광역시,미추홀구,버스정류장,인천광역시 미추홀구 간접흡연 피해방지에 관한 조례,,30000,032-880-5413,,인천광역시 미추홀구 도화2동,인천광역시 미추홀구청,,,2021-05-31
수봉공원.인천수봉문화회관입구,버스정류장 표지판으로부터 10미터 이내 구역,인천광역시,미추홀구,버스정류장,인천광역시 미추홀구 간접흡연 피해방지에 관한 조례,,30000,032-880-5413,,인천광역시 미추홀구 도화1동,인천광역시 미추홀구청,,,2021-05-31
석바위,버스정류장 표지판으로부터 10미터 이내 구역,인천광역시,미추홀구,버스정류장,인천광역시 미추홀구 간접흡연 피해방지에 관한 조례,,30000,032-880-5413,,인천광역시 미추홀구 주안6동,인천광역시 미추홀구청,,,2021-05-31
쑥골고가교,버스정류장 표지판으로부터 10미터 이내 구역,인천광역시,미추홀구,버스정류장,인천광역시 미추홀구 간접흡연 피해방지에 관한 조례,,30000,032-880-5413,,인천광역시 미추홀구 도화1동,인천광역시 미추홀구청,,,2021-05-31
상수도사업본부(스마트타운),버스정류장 표지판으로부터 10미터 이내 구역,인천광역시,미추홀구,버스정류장,인천광역시 미추홀구 간접흡연 피해방지에 관한 조례,,30000,032-880-5413,,인천광역시 미추홀구 도화2동,인천광역시 미추홀구청,,,2021-05-31
동원아파트,버스정류장 표지판으로부터 10미터 이내 구역,인천광역시,미추홀구,버스정류장,인천광역시 미추홀구 간접흡연 피해방지에 관한 조례,,30000,032-880-5413,,인천광역시 미추홀구 도화1동,인천광역시 미추홀구청,,,2021-05-31
동원아파트,버스정류장 표지판으로부터 10미터 이내 구역,인천광역시,미추홀구,버스정류장,인천광역시 미추홀구 간접흡연 피해방지에 관한 조례,,30000,032-880-5413,,인천광역시 미추홀구 도화1동,인천광역시 미추홀구청,,,2021-05-31
상수도사업본부(스마트타운),버스정류장 표지판으로부터 10미터 이내 구역,인천광역시,미추홀구,버스정류장,인천광역시 미추홀구 간접흡연 피해방지에 관한 조례,,30000,032-880-5413,,인천광역시 미추홀구 도화2동,인천광역시 미추홀구청,,,2021-05-31
석바위시장,버스정류장 표지판으로부터 10미터 이내 구역,인천광역시,미추홀구,버스정류장,인천광역시 미추홀구 간접흡연 피해방지에 관한 조례,,30000,032-880-5413,,인천광역시 미추홀구 주안6동,인천광역시 미추홀구청,,,2021-05-31
석바위시장,버스정류장 표지판으로부터 10미터 이내 구역,인천광역시,미추홀구,버스정류장,인천광역시 미추홀구 간접흡연 피해방지에 관한 조례,,30000,032-880-5413,,인천광역시 미추홀구 주안5동,인천광역시 미추홀구청,,,2021-05-31
JC회관,버스정류장 표지판으로부터 10미터 이내 구역,인천광역시,미추홀구,버스정류장,인천광역시 미추홀구 간접흡연 피해방지에 관한 조례,,30000,032-880-5413,,인천광역시 미추홀구 주안8동,인천광역시 미추홀구청,,,2021-05-31
석바위시장,버스정류장 표지판으로부터 10미터 이내 구역,인천광역시,미추홀구,버스정류장,인천광역시 미추홀구 간접흡연 피해방지에 관한 조례,,30000,032-880-5413,,인천광역시 미추홀구 주안5동,인천광역시 미추홀구청,,,2021-05-31
주안1동행정복지센터,버스정류장 표지판으로부터 10미터 이내 구역,인천광역시,미추홀구,버스정류장,인천광역시 미추홀구 간접흡연 피해방지에 관한 조례,,30000,032-880-5413,,인천광역시 미추홀구 주안8동,인천광역시 미추홀구청,,,2021-05-31
도화오거리,버스정류장 표지판으로부터 10미터 이내 구역,인천광역시,미추홀구,버스정류장,인천광역시 미추홀구 간접흡연 피해방지에 관한 조례,,30000,032-880-5413,,인천광역시 미추홀구 도화2동,인천광역시 미추홀구청,,,2021-05-31
주안역,버스정류장 표지판으로부터 10미터 이내 구역,인천광역시,미추홀구,버스정류장,인천광역시 미추홀구 간접흡연 피해방지에 관한 조례,,30000,032-880-5413,,인천광역시 미추홀구 주안1동,인천광역시 미추홀구청,,,2021-05-31
도화오거리,버스정류장 표지판으로부터 10미터 이내 구역,인천광역시,미추홀구,버스정류장,인천광역시 미추홀구 간접흡연 피해방지에 관한 조례,,30000,032-880-5413,,인천광역시 미추홀구 도화2동,인천광역시 미추홀구청,,,2021-05-31
주안역,버스정류장 표지판으로부터 10미터 이내 구역,인천광역시,미추홀구,버스정류장,인천광역시 미추홀구 간접흡연 피해방지에 관한 조례,,30000,032-880-5413,,인천광역시 미추홀구 주안1동,인천광역시 미추홀구청,,,2021-05-31
대화초등학교,버스정류장 표지판으로부터 10미터 이내 구역,인천광역시,미추홀구,버스정류장,인천광역시 미추홀구 간접흡연 피해방지에 관한 조례,,30000,032-880-5413,,인천광역시 미추홀구 도화2동,인천광역시 미추홀구청,,,2021-05-31
대화초등학교,버스정류장 표지판으로부터 10미터 이내 구역,인천광역시,미추홀구,버스정류장,인천광역시 미추홀구 간접흡연 피해방지에 관한 조례,,30000,032-880-5413,,인천광역시 미추홀구 도화2동,인천광역시 미추홀구청,,,2021-05-31
주안역,버스정류장 표지판으로부터 10미터 이내 구역,인천광역시,미추홀구,버스정류장,인천광역시 미추홀구 간접흡연 피해방지에 관한 조례,,30000,032-880-5413,,인천광역시 미추홀구 주안1동,인천광역시 미추홀구청,,,2021-05-31
삼덕아파트,버스정류장 표지판으로부터 10미터 이내 구역,인천광역시,미추홀구,버스정류장,인천광역시 미추홀구 간접흡연 피해방지에 관한 조례,,30000,032-880-5413,,인천광역시 미추홀구 도화2동,인천광역시 미추홀구청,,,2021-05-31
인천가정법원.인천지방법원등기국,버스정류장 표지판으로부터 10미터 이내 구역,인천광역시,미추홀구,버스정류장,인천광역시 미추홀구 간접흡연 피해방지에 관한 조례,,30000,032-880-5413,,인천광역시 미추홀구 주안6동,인천광역시 미추홀구청,,,2021-05-31
신태양아파트,버스정류장 표지판으로부터 10미터 이내 구역,인천광역시,미추홀구,버스정류장,인천광역시 미추홀구 간접흡연 피해방지에 관한 조례,,30000,032-880-5413,,인천광역시 미추홀구 도화2동,인천광역시 미추홀구청,,,2021-05-31
석암초등학교앞,버스정류장 표지판으로부터 10미터 이내 구역,인천광역시,미추홀구,버스정류장,인천광역시 미추홀구 간접흡연 피해방지에 관한 조례,,30000,032-880-5413,,인천광역시 미추홀구 주안1동,인천광역시 미추홀구청,,,2021-05-31
신태양아파트,버스정류장 표지판으로부터 10미터 이내 구역,인천광역시,미추홀구,버스정류장,인천광역시 미추홀구 간접흡연 피해방지에 관한 조례,,30000,032-880-5413,,인천광역시 미추홀구 도화2동,인천광역시 미추홀구청,,,2021-05-31
인천가정법원.인천지방법원등기국,버스정류장 표지판으로부터 10미터 이내 구역,인천광역시,미추홀구,버스정류장,인천광역시 미추홀구 간접흡연 피해방지에 관한 조례,,30000,032-880-5413,,인천광역시 미추홀구 주안6동,인천광역시 미추홀구청,,,2021-05-31
석암초등학교,버스정류장 표지판으로부터 10미터 이내 구역,인천광역시,미추홀구,버스정류장,인천광역시 미추홀구 간접흡연 피해방지에 관한 조례,,30000,032-880-5413,,인천광역시 미추홀구 주안8동,인천광역시 미추홀구청,,,2021-05-31
태화아파트,버스정류장 표지판으로부터 10미터 이내 구역,인천광역시,미추홀구,버스정류장,인천광역시 미추홀구 간접흡연 피해방지에 관한 조례,,30000,032-880-5413,,인천광역시 미추홀구 주안5동,인천광역시 미추홀구청,,,2021-05-31
KT인천지사,버스정류장 표지판으로부터 10미터 이내 구역,인천광역시,미추홀구,버스정류장,인천광역시 미추홀구 간접흡연 피해방지에 관한 조례,,30000,032-880-5413,,인천광역시 미추홀구 주안6동,인천광역시 미추홀구청,,,2021-05-31
태화아파트,버스정류장 표지판으로부터 10미터 이내 구역,인천광역시,미추홀구,버스정류장,인천광역시 미추홀구 간접흡연 피해방지에 관한 조례,,30000,032-880-5413,,인천광역시 미추홀구 주안5동,인천광역시 미추홀구청,,,2021-05-31
주안북초등학교,버스정류장 표지판으로부터 10미터 이내 구역,인천광역시,미추홀구,버스정류장,인천광역시 미추홀구 간접흡연 피해방지에 관한 조례,,30000,032-880-5413,,인천광역시 미추홀구 주안5동,인천광역시 미추홀구청,,,2021-05-31
주안북부역,버스정류장 표지판으로부터 10미터 이내 구역,인천광역시,미추홀구,버스정류장,인천광역시 미추홀구 간접흡연 피해방지에 관한 조례,,30000,032-880-5413,,인천광역시 미추홀구 주안5동,인천광역시 미추홀구청,,,2021-05-31
주안북부역,버스정류장 표지판으로부터 10미터 이내 구역,인천광역시,미추홀구,버스정류장,인천광역시 미추홀구 간접흡연 피해방지에 관한 조례,,30000,032-880-5413,,인천광역시 미추홀구 주안5동,인천광역시 미추홀구청,,,2021-05-31
인천비즈니스고등학교,버스정류장 표지판으로부터 10미터 이내 구역,인천광역시,미추홀구,버스정류장,인천광역시 미추홀구 간접흡연 피해방지에 관한 조례,,30000,032-880-5413,,인천광역시 미추홀구 도화3동,인천광역시 미추홀구청,,,2021-05-31
더월드스테이트후문,버스정류장 표지판으로부터 10미터 이내 구역,인천광역시,미추홀구,버스정류장,인천광역시 미추홀구 간접흡연 피해방지에 관한 조례,,30000,032-880-5413,,인천광역시 미추홀구 주안6동,인천광역시 미추홀구청,,,2021-05-31
인천비즈니스고등학교,버스정류장 표지판으로부터 10미터 이내 구역,인천광역시,미추홀구,버스정류장,인천광역시 미추홀구 간접흡연 피해방지에 관한 조례,,30000,032-880-5413,,인천광역시 미추홀구 도화3동,인천광역시 미추홀구청,,,2021-05-31
로얄아파트,버스정류장 표지판으로부터 10미터 이내 구역,인천광역시,미추홀구,버스정류장,인천광역시 미추홀구 간접흡연 피해방지에 관한 조례,,30000,032-880-5413,,인천광역시 미추홀구 주안6동,인천광역시 미추홀구청,,,2021-05-31
성원빌딩.우편취급국,버스정류장 표지판으로부터 10미터 이내 구역,인천광역시,미추홀구,버스정류장,인천광역시 미추홀구 간접흡연 피해방지에 관한 조례,,30000,032-880-5413,,인천광역시 미추홀구 주안5동,인천광역시 미추홀구청,,,2021-05-31
공단시장,버스정류장 표지판으로부터 10미터 이내 구역,인천광역시,미추홀구,버스정류장,인천광역시 미추홀구 간접흡연 피해방지에 관한 조례,,30000,032-880-5413,,인천광역시 미추홀구 주안5동,인천광역시 미추홀구청,,,2021-05-31
공단시장,버스정류장 표지판으로부터 10미터 이내 구역,인천광역시,미추홀구,버스정류장,인천광역시 미추홀구 간접흡연 피해방지에 관한 조례,,30000,032-880-5413,,인천광역시 미추홀구 주안5동,인천광역시 미추홀구청,,,2021-05-31
간석남부역,버스정류장 표지판으로부터 10미터 이내 구역,인천광역시,미추홀구,버스정류장,인천광역시 미추홀구 간접흡연 피해방지에 관한 조례,,30000,032-880-5413,,인천광역시 미추홀구 주안6동,인천광역시 미추홀구청,,,2021-05-31
인천삼덕아파트우편취급국,버스정류장 표지판으로부터 10미터 이내 구역,인천광역시,미추홀구,버스정류장,인천광역시 미추홀구 간접흡연 피해방지에 관한 조례,,30000,032-880-5413,,인천광역시 미추홀구 주안5동,인천광역시 미추홀구청,,,2021-05-31
청운대삼거리(하늘꿈교회),버스정류장 표지판으로부터 10미터 이내 구역,인천광역시,미추홀구,버스정류장,인천광역시 미추홀구 간접흡연 피해방지에 관한 조례,,30000,032-880-5413,,인천광역시 미추홀구 도화2동,인천광역시 미추홀구청,,,2021-05-31
광명아파트,버스정류장 표지판으로부터 10미터 이내 구역,인천광역시,미추홀구,버스정류장,인천광역시 미추홀구 간접흡연 피해방지에 관한 조례,,30000,032-880-5413,,인천광역시 미추홀구 주안5동,인천광역시 미추홀구청,,,2021-05-31
간석남부역,버스정류장 표지판으로부터 10미터 이내 구역,인천광역시,미추홀구,버스정류장,인천광역시 미추홀구 간접흡연 피해방지에 관한 조례,,30000,032-880-5413,,인천광역시 미추홀구 주안5동,인천광역시 미추홀구청,,,2021-05-31
송림고개(도화신동아아파트),버스정류장 표지판으로부터 10미터 이내 구역,인천광역시,미추홀구,버스정류장,인천광역시 미추홀구 간접흡연 피해방지에 관한 조례,,30000,032-880-5413,,인천광역시 미추홀구 도화3동,인천광역시 미추홀구청,,,2021-05-31
6공단입구,버스정류장 표지판으로부터 10미터 이내 구역,인천광역시,미추홀구,버스정류장,인천광역시 미추홀구 간접흡연 피해방지에 관한 조례,,30000,032-880-5413,,인천광역시 미추홀구 주안8동,인천광역시 미추홀구청,,,2021-05-31
공단치안센터,버스정류장 표지판으로부터 10미터 이내 구역,인천광역시,미추홀구,버스정류장,인천광역시 미추홀구 간접흡연 피해방지에 관한 조례,,30000,032-880-5413,,인천광역시 미추홀구 주안5동,인천광역시 미추홀구청,,,2021-05-31
한국폴리텍2대학남인천캠퍼스,버스정류장 표지판으로부터 10미터 이내 구역,인천광역시,미추홀구,버스정류장,인천광역시 미추홀구 간접흡연 피해방지에 관한 조례,,30000,032-880-5413,,인천광역시 미추홀구 주안5동,인천광역시 미추홀구청,,,2021-05-31
인천교(인천기계산업단지),버스정류장 표지판으로부터 10미터 이내 구역,인천광역시,미추홀구,버스정류장,인천광역시 미추홀구 간접흡연 피해방지에 관한 조례,,30000,032-880-5413,,인천광역시 미추홀구 도화2동,인천광역시 미추홀구청,,,2021-05-31
한국폴리텍2대학남인천캠퍼스,버스정류장 표지판으로부터 10미터 이내 구역,인천광역시,미추홀구,버스정류장,인천광역시 미추홀구 간접흡연 피해방지에 관한 조례,,30000,032-880-5413,,인천광역시 미추홀구 주안5동,인천광역시 미추홀구청,,,2021-05-31
인천교삼거리(인천기계산업단지),버스정류장 표지판으로부터 10미터 이내 구역,인천광역시,미추홀구,버스정류장,인천광역시 미추홀구 간접흡연 피해방지에 관한 조례,,30000,032-880-5413,,인천광역시 미추홀구 도화2동,인천광역시 미추홀구청,,,2021-05-31
인천교삼거리,버스정류장 표지판으로부터 10미터 이내 구역,인천광역시,미추홀구,버스정류장,인천광역시 미추홀구 간접흡연 피해방지에 관한 조례,,30000,032-880-5413,,인천광역시 미추홀구 도화2동,인천광역시 미추홀구청,,,2021-05-31
가좌테니스장,버스정류장 표지판으로부터 10미터 이내 구역,인천광역시,미추홀구,버스정류장,인천광역시 미추홀구 간접흡연 피해방지에 관한 조례,,30000,032-880-5413,,인천광역시 미추홀구 주안5동,인천광역시 미추홀구청,,,2021-05-31
우아미가구,버스정류장 표지판으로부터 10미터 이내 구역,인천광역시,미추홀구,버스정류장,인천광역시 미추홀구 간접흡연 피해방지에 관한 조례,,30000,032-880-5413,,인천광역시 미추홀구 도화2동,인천광역시 미추홀구청,,,2021-05-31
가좌테니스장,버스정류장 표지판으로부터 10미터 이내 구역,인천광역시,미추홀구,버스정류장,인천광역시 미추홀구 간접흡연 피해방지에 관한 조례,,30000,032-880-5413,,인천광역시 미추홀구 주안5동,인천광역시 미추홀구청,,,2021-05-31
인천의료원,버스정류장 표지판으로부터 10미터 이내 구역,인천광역시,미추홀구,버스정류장,인천광역시 미추홀구 간접흡연 피해방지에 관한 조례,,30000,032-880-5413,,인천광역시 미추홀구 도화2동,인천광역시 미추홀구청,,,2021-05-31
대우일렉트로닉스,버스정류장 표지판으로부터 10미터 이내 구역,인천광역시,미추홀구,버스정류장,인천광역시 미추홀구 간접흡연 피해방지에 관한 조례,,30000,032-880-5413,,인천광역시 미추홀구 학익1동,인천광역시 미추홀구청,,,2021-05-31
대우일렉트로닉스,버스정류장 표지판으로부터 10미터 이내 구역,인천광역시,미추홀구,버스정류장,인천광역시 미추홀구 간접흡연 피해방지에 관한 조례,,30000,032-880-5413,,인천광역시 미추홀구 학익1동,인천광역시 미추홀구청,,,2021-05-31
신창아파트,버스정류장 표지판으로부터 10미터 이내 구역,인천광역시,미추홀구,버스정류장,인천광역시 미추홀구 간접흡연 피해방지에 관한 조례,,30000,032-880-5413,,인천광역시 미추홀구 용현3동,인천광역시 미추홀구청,,,2021-05-31
주안북부,버스정류장 표지판으로부터 10미터 이내 구역,인천광역시,미추홀구,버스정류장,인천광역시 미추홀구 간접흡연 피해방지에 관한 조례,,30000,032-880-5413,,인천광역시 미추홀구 주안5동,인천광역시 미추홀구청,,,2021-05-31
장미아파트(19동)앞,버스정류장 표지판으로부터 10미터 이내 구역,인천광역시,미추홀구,버스정류장,인천광역시 미추홀구 간접흡연 피해방지에 관한 조례,,30000,032-880-5413,,인천광역시 미추홀구 학익1동,인천광역시 미추홀구청,,,2021-05-31
쌍용아파트,버스정류장 표지판으로부터 10미터 이내 구역,인천광역시,미추홀구,버스정류장,인천광역시 미추홀구 간접흡연 피해방지에 관한 조례,,30000,032-880-5413,,인천광역시 미추홀구 주안8동,인천광역시 미추홀구청,,,2021-05-31
송림고가교,버스정류장 표지판으로부터 10미터 이내 구역,인천광역시,미추홀구,버스정류장,인천광역시 미추홀구 간접흡연 피해방지에 관한 조례,,30000,032-880-5413,,인천광역시 미추홀구 도화2동,인천광역시 미추홀구청,,,2021-05-31
신동아3차아파트,버스정류장 표지판으로부터 10미터 이내 구역,인천광역시,미추홀구,버스정류장,인천광역시 미추홀구 간접흡연 피해방지에 관한 조례,,30000,032-880-5413,,인천광역시 미추홀구 학익1동,인천광역시 미추홀구청,,,2021-05-31
제물포역,버스정류장 표지판으로부터 10미터 이내 구역,인천광역시,미추홀구,버스정류장,인천광역시 미추홀구 간접흡연 피해방지에 관한 조례,,30000,032-880-5413,,인천광역시 미추홀구 숭의1동,인천광역시 미추홀구청,,,2021-05-31
용현고개,버스정류장 표지판으로부터 10미터 이내 구역,인천광역시,미추홀구,버스정류장,인천광역시 미추홀구 간접흡연 피해방지에 관한 조례,,30000,032-880-5413,,인천광역시 미추홀구 용현3동,인천광역시 미추홀구청,,,2021-05-31
제물포역,버스정류장 표지판으로부터 10미터 이내 구역,인천광역시,미추홀구,버스정류장,인천광역시 미추홀구 간접흡연 피해방지에 관한 조례,,30000,032-880-5413,,인천광역시 미추홀구 숭의1동,인천광역시 미추홀구청,,,2021-05-31
도화동신협(구박문여고),버스정류장 표지판으로부터 10미터 이내 구역,인천광역시,미추홀구,버스정류장,인천광역시 미추홀구 간접흡연 피해방지에 관한 조례,,30000,032-880-5413,,인천광역시 미추홀구 도화2동,인천광역시 미추홀구청,,,2021-05-31
청운대삼거리(하늘꿈교회),버스정류장 표지판으로부터 10미터 이내 구역,인천광역시,미추홀구,버스정류장,인천광역시 미추홀구 간접흡연 피해방지에 관한 조례,,30000,032-880-5413,,인천광역시 미추홀구 도화2동,인천광역시 미추홀구청,,,2021-05-31
송림고개(도화신동아아파트),버스정류장 표지판으로부터 10미터 이내 구역,인천광역시,미추홀구,버스정류장,인천광역시 미추홀구 간접흡연 피해방지에 관한 조례,,30000,032-880-5413,,인천광역시 미추홀구 도화2동,인천광역시 미추홀구청,,,2021-05-31
주안역환승정류장,버스정류장 표지판으로부터 10미터 이내 구역,인천광역시,미추홀구,버스정류장,인천광역시 미추홀구 간접흡연 피해방지에 관한 조례,,30000,032-880-5413,,인천광역시 미추홀구 주안8동,인천광역시 미추홀구청,,,2021-05-31
대동아파트,버스정류장 표지판으로부터 10미터 이내 구역,인천광역시,미추홀구,버스정류장,인천광역시 미추홀구 간접흡연 피해방지에 관한 조례,,30000,032-880-5413,,인천광역시 미추홀구 학익1동,인천광역시 미추홀구청,,,2021-05-31
주안역,버스정류장 표지판으로부터 10미터 이내 구역,인천광역시,미추홀구,버스정류장,인천광역시 미추홀구 간접흡연 피해방지에 관한 조례,,30000,032-880-5413,,인천광역시 미추홀구 주안1동,인천광역시 미추홀구청,,,2021-05-31
신동아1.2차아파트,버스정류장 표지판으로부터 10미터 이내 구역,인천광역시,미추홀구,버스정류장,인천광역시 미추홀구 간접흡연 피해방지에 관한 조례,,30000,032-880-5413,,인천광역시 미추홀구 학익1동,인천광역시 미추홀구청,,,2021-05-31
토지금고시장앞,버스정류장 표지판으로부터 10미터 이내 구역,인천광역시,미추홀구,버스정류장,인천광역시 미추홀구 간접흡연 피해방지에 관한 조례,,30000,032-880-5413,,인천광역시 미추홀구 용현3동,인천광역시 미추홀구청,,,2021-05-31
숭의역(1번출구),버스정류장 표지판으로부터 10미터 이내 구역,인천광역시,미추홀구,버스정류장,인천광역시 미추홀구 간접흡연 피해방지에 관한 조례,,30000,032-880-5413,,인천광역시 미추홀구 용현3동,인천광역시 미추홀구청,,,2021-05-31
조달청(한양2차아파트),버스정류장 표지판으로부터 10미터 이내 구역,인천광역시,미추홀구,버스정류장,인천광역시 미추홀구 간접흡연 피해방지에 관한 조례,,30000,032-880-5413,,인천광역시 미추홀구 용현3동,인천광역시 미추홀구청,,,2021-05-31
한양2차아파트,버스정류장 표지판으로부터 10미터 이내 구역,인천광역시,미추홀구,버스정류장,인천광역시 미추홀구 간접흡연 피해방지에 관한 조례,,30000,032-880-5413,,인천광역시 미추홀구 용현3동,인천광역시 미추홀구청,,,2021-05-31
롯데백화점(인천터미널),버스정류장 표지판으로부터 10미터 이내 구역,인천광역시,미추홀구,버스정류장,인천광역시 미추홀구 간접흡연 피해방지에 관한 조례,,30000,032-880-5413,,인천광역시 미추홀구 관교동,인천광역시 미추홀구청,,,2021-05-31
주안사거리,버스정류장 표지판으로부터 10미터 이내 구역,인천광역시,미추홀구,버스정류장,인천광역시 미추홀구 간접흡연 피해방지에 관한 조례,,30000,032-880-5413,,인천광역시 미추홀구 주안2동,인천광역시 미추홀구청,,,2021-05-31
미추홀경찰서(장미아파트),버스정류장 표지판으로부터 10미터 이내 구역,인천광역시,미추홀구,버스정류장,인천광역시 미추홀구 간접흡연 피해방지에 관한 조례,,30000,032-880-5413,,인천광역시 미추홀구 학익1동,인천광역시 미추홀구청,,,2021-05-31
숭의보건지소,버스정류장 표지판으로부터 10미터 이내 구역,인천광역시,미추홀구,버스정류장,인천광역시 미추홀구 간접흡연 피해방지에 관한 조례,,30000,032-880-5413,,인천광역시 미추홀구 숭의1동,인천광역시 미추홀구청,,,2021-05-31
제운사거리,버스정류장 표지판으로부터 10미터 이내 구역,인천광역시,미추홀구,버스정류장,인천광역시 미추홀구 간접흡연 피해방지에 관한 조례,,30000,032-880-5413,,인천광역시 미추홀구 주안3동,인천광역시 미추홀구청,,,2021-05-31
동아풍림아파트,버스정류장 표지판으로부터 10미터 이내 구역,인천광역시,미추홀구,버스정류장,인천광역시 미추홀구 간접흡연 피해방지에 관한 조례,,30000,032-880-5413,,인천광역시 미추홀구 학익1동,인천광역시 미추홀구청,,,2021-05-31
용일사거리,버스정류장 표지판으로부터 10미터 이내 구역,인천광역시,미추홀구,버스정류장,인천광역시 미추홀구 간접흡연 피해방지에 관한 조례,,30000,032-880-5413,,인천광역시 미추홀구 주안2동,인천광역시 미추홀구청,,,2021-05-31
산업단지사거리,버스정류장 표지판으로부터 10미터 이내 구역,인천광역시,미추홀구,버스정류장,인천광역시 미추홀구 간접흡연 피해방지에 관한 조례,,30000,032-880-5413,,인천광역시 미추홀구 도화3동,인천광역시 미추홀구청,,,2021-05-31
인천축구전용경기장(홈플러스),버스정류장 표지판으로부터 10미터 이내 구역,인천광역시,미추홀구,버스정류장,인천광역시 미추홀구 간접흡연 피해방지에 관한 조례,,30000,032-880-5413,,인천광역시 미추홀구 숭의1동,인천광역시 미추홀구청,,,2021-05-31
경인방송,버스정류장 표지판으로부터 10미터 이내 구역,인천광역시,미추홀구,버스정류장,인천광역시 미추홀구 간접흡연 피해방지에 관한 조례,,30000,032-880-5413,,인천광역시 미추홀구 학익1동,인천광역시 미추홀구청,,,2021-05-31
학산사거리,버스정류장 표지판으로부터 10미터 이내 구역,인천광역시,미추홀구,버스정류장,인천광역시 미추홀구 간접흡연 피해방지에 관한 조례,,30000,032-880-5413,,인천광역시 미추홀구 학익1동,인천광역시 미추홀구청,,,2021-05-31
신선초등학교앞,버스정류장 표지판으로부터 10미터 이내 구역,인천광역시,미추홀구,버스정류장,인천광역시 미추홀구 간접흡연 피해방지에 관한 조례,,30000,032-880-5413,,인천광역시 미추홀구 용현3동,인천광역시 미추홀구청,,,2021-05-31
영남아파트,버스정류장 표지판으로부터 10미터 이내 구역,인천광역시,미추홀구,버스정류장,인천광역시 미추홀구 간접흡연 피해방지에 관한 조례,,30000,032-880-5413,,인천광역시 미추홀구 학익1동,인천광역시 미추홀구청,,,2021-05-31
미추홀구평생학습관,버스정류장 표지판으로부터 10미터 이내 구역,인천광역시,미추홀구,버스정류장,인천광역시 미추홀구 간접흡연 피해방지에 관한 조례,,30000,032-880-5413,,인천광역시 미추홀구 학익1동,인천광역시 미추홀구청,,,2021-05-31
신동아아파트4차,버스정류장 표지판으로부터 10미터 이내 구역,인천광역시,미추홀구,버스정류장,인천광역시 미추홀구 간접흡연 피해방지에 관한 조례,,30000,032-880-5413,,인천광역시 미추홀구 학익1동,인천광역시 미추홀구청,,,2021-05-31
인천향교.인천도호부청사,버스정류장 표지판으로부터 10미터 이내 구역,인천광역시,미추홀구,버스정류장,인천광역시 미추홀구 간접흡연 피해방지에 관한 조례,,30000,032-880-5413,,인천광역시 미추홀구 문학동,인천광역시 미추홀구청,,,2021-05-31
쌍용아파트,버스정류장 표지판으로부터 10미터 이내 구역,인천광역시,미추홀구,버스정류장,인천광역시 미추홀구 간접흡연 피해방지에 관한 조례,,30000,032-880-5413,,인천광역시 미추홀구 주안8동,인천광역시 미추홀구청,,,2021-05-31
미추홀퍼스트(2단지),버스정류장 표지판으로부터 10미터 이내 구역,인천광역시,미추홀구,버스정류장,인천광역시 미추홀구 간접흡연 피해방지에 관한 조례,,30000,032-880-5413,,인천광역시 미추홀구 숭의1동,인천광역시 미추홀구청,,,2021-05-31
용현시장,버스정류장 표지판으로부터 10미터 이내 구역,인천광역시,미추홀구,버스정류장,인천광역시 미추홀구 간접흡연 피해방지에 관한 조례,,30000,032-880-5413,,인천광역시 미추홀구 용현3동,인천광역시 미추홀구청,,,2021-05-31
진흥아파트,버스정류장 표지판으로부터 10미터 이내 구역,인천광역시,미추홀구,버스정류장,인천광역시 미추홀구 간접흡연 피해방지에 관한 조례,,30000,032-880-5413,,인천광역시 미추홀구 주안8동,인천광역시 미추홀구청,,,2021-05-31
장애인복지관,버스정류장 표지판으로부터 10미터 이내 구역,인천광역시,미추홀구,버스정류장,인천광역시 미추홀구 간접흡연 피해방지에 관한 조례,,30000,032-880-5413,,인천광역시 미추홀구 관교동,인천광역시 미추홀구청,,,2021-05-31
신라아파트,버스정류장 표지판으로부터 10미터 이내 구역,인천광역시,미추홀구,버스정류장,인천광역시 미추홀구 간접흡연 피해방지에 관한 조례,,30000,032-880-5413,,인천광역시 미추홀구 주안8동,인천광역시 미추홀구청,,,2021-05-31
제일시장,버스정류장 표지판으로부터 10미터 이내 구역,인천광역시,미추홀구,버스정류장,인천광역시 미추홀구 간접흡연 피해방지에 관한 조례,,30000,032-880-5413,,인천광역시 미추홀구 도화2동,인천광역시 미추홀구청,,,2021-05-31
제물포역(동양빌딩),버스정류장 표지판으로부터 10미터 이내 구역,인천광역시,미추홀구,버스정류장,인천광역시 미추홀구 간접흡연 피해방지에 관한 조례,,30000,032-880-5413,,인천광역시 미추홀구 숭의1동,인천광역시 미추홀구청,,,2021-05-31
주안도서관,버스정류장 표지판으로부터 10미터 이내 구역,인천광역시,미추홀구,버스정류장,인천광역시 미추홀구 간접흡연 피해방지에 관한 조례,,30000,032-880-5413,,인천광역시 미추홀구 주안4동,인천광역시 미추홀구청,,,2021-05-31
주안도서관,버스정류장 표지판으로부터 10미터 이내 구역,인천광역시,미추홀구,버스정류장,인천광역시 미추홀구 간접흡연 피해방지에 관한 조례,,30000,032-880-5413,,인천광역시 미추홀구 주안4동,인천광역시 미추홀구청,,,2021-05-31
시민공원(문화창작지대)역,버스정류장 표지판으로부터 10미터 이내 구역,인천광역시,미추홀구,버스정류장,인천광역시 미추홀구 간접흡연 피해방지에 관한 조례,,30000,032-880-5413,,인천광역시 미추홀구 주안1동,인천광역시 미추홀구청,,,2021-05-31
제물포역,버스정류장 표지판으로부터 10미터 이내 구역,인천광역시,미추홀구,버스정류장,인천광역시 미추홀구 간접흡연 피해방지에 관한 조례,,30000,032-880-5413,,인천광역시 미추홀구 도화2동,인천광역시 미추홀구청,,,2021-05-31
쑥골고가교,버스정류장 표지판으로부터 10미터 이내 구역,인천광역시,미추홀구,버스정류장,인천광역시 미추홀구 간접흡연 피해방지에 관한 조례,,30000,032-880-5413,,인천광역시 미추홀구 도화1동,인천광역시 미추홀구청,,,2021-05-31
석바위시장역,버스정류장 표지판으로부터 10미터 이내 구역,인천광역시,미추홀구,버스정류장,인천광역시 미추홀구 간접흡연 피해방지에 관한 조례,,30000,032-880-5413,,인천광역시 미추홀구 주안6동,인천광역시 미추홀구청,,,2021-05-31
석바위시장역,버스정류장 표지판으로부터 10미터 이내 구역,인천광역시,미추홀구,버스정류장,인천광역시 미추홀구 간접흡연 피해방지에 관한 조례,,30000,032-880-5413,,인천광역시 미추홀구 주안6동,인천광역시 미추홀구청,,,2021-05-31
주안북부역,버스정류장 표지판으로부터 10미터 이내 구역,인천광역시,미추홀구,버스정류장,인천광역시 미추홀구 간접흡연 피해방지에 관한 조례,,30000,032-880-5413,,인천광역시 미추홀구 주안8동,인천광역시 미추홀구청,,,2021-05-31
서화초등학교(도화e편한세상),버스정류장 표지판으로부터 10미터 이내 구역,인천광역시,미추홀구,버스정류장,인천광역시 미추홀구 간접흡연 피해방지에 관한 조례,,30000,032-880-5413,,인천광역시 미추홀구 도화2동,인천광역시 미추홀구청,,,2021-05-31
송림고가교,버스정류장 표지판으로부터 10미터 이내 구역,인천광역시,미추홀구,버스정류장,인천광역시 미추홀구 간접흡연 피해방지에 관한 조례,,30000,032-880-5413,,인천광역시 미추홀구 도화2동,인천광역시 미추홀구청,,,2021-05-31
제물포역,버스정류장 표지판으로부터 10미터 이내 구역,인천광역시,미추홀구,버스정류장,인천광역시 미추홀구 간접흡연 피해방지에 관한 조례,,30000,032-880-5413,,인천광역시 미추홀구 도화2동,인천광역시 미추홀구청,,,2021-05-31
학익고등학교,버스정류장 표지판으로부터 10미터 이내 구역,인천광역시,미추홀구,버스정류장,인천광역시 미추홀구 간접흡연 피해방지에 관한 조례,,30000,032-880-5413,,인천광역시 미추홀구 학익1동,인천광역시 미추홀구청,,,2021-05-31
신창아파트,버스정류장 표지판으로부터 10미터 이내 구역,인천광역시,미추홀구,버스정류장,인천광역시 미추홀구 간접흡연 피해방지에 관한 조례,,30000,032-880-5413,,인천광역시 미추홀구 용현3동,인천광역시 미추홀구청,,,2021-05-31
신창아파트,버스정류장 표지판으로부터 10미터 이내 구역,인천광역시,미추홀구,버스정류장,인천광역시 미추홀구 간접흡연 피해방지에 관한 조례,,30000,032-880-5413,,인천광역시 미추홀구 용현3동,인천광역시 미추홀구청,,,2021-05-31
교통방송사거리,버스정류장 표지판으로부터 10미터 이내 구역,인천광역시,미추홀구,버스정류장,인천광역시 미추홀구 간접흡연 피해방지에 관한 조례,,30000,032-880-5413,,인천광역시 미추홀구 학익1동,인천광역시 미추홀구청,,,2021-05-31
도원역(인천축구전용경기장),버스정류장 표지판으로부터 10미터 이내 구역,인천광역시,미추홀구,버스정류장,인천광역시 미추홀구 간접흡연 피해방지에 관한 조례,,30000,032-880-5413,,인천광역시 미추홀구 숭의3동,인천광역시 미추홀구청,,,2021-05-31
수봉각,버스정류장 표지판으로부터 10미터 이내 구역,인천광역시,미추홀구,버스정류장,인천광역시 미추홀구 간접흡연 피해방지에 관한 조례,,30000,032-880-5413,,인천광역시 미추홀구 주안2동,인천광역시 미추홀구청,,,2021-05-31
연흥아파트,버스정류장 표지판으로부터 10미터 이내 구역,인천광역시,미추홀구,버스정류장,인천광역시 미추홀구 간접흡연 피해방지에 관한 조례,,30000,032-880-5413,,인천광역시 미추홀구 주안8동,인천광역시 미추홀구청,,,2021-05-31
국제이노베이션,버스정류장 표지판으로부터 10미터 이내 구역,인천광역시,미추홀구,버스정류장,인천광역시 미추홀구 간접흡연 피해방지에 관한 조례,,30000,032-880-5413,,인천광역시 미추홀구 도화3동,인천광역시 미추홀구청,,,2021-05-31
도화e편한세상604동,버스정류장 표지판으로부터 10미터 이내 구역,인천광역시,미추홀구,버스정류장,인천광역시 미추홀구 간접흡연 피해방지에 관한 조례,,30000,032-880-5413,,인천광역시 미추홀구 도화3동,인천광역시 미추홀구청,,,2021-05-31
시립가좌테니스장,버스정류장 표지판으로부터 10미터 이내 구역,인천광역시,미추홀구,버스정류장,인천광역시 미추홀구 간접흡연 피해방지에 관한 조례,,30000,032-880-5413,,인천광역시 미추홀구 주안5동,인천광역시 미추홀구청,,,2021-05-31
주안국가산단역,버스정류장 표지판으로부터 10미터 이내 구역,인천광역시,미추홀구,버스정류장,인천광역시 미추홀구 간접흡연 피해방지에 관한 조례,,30000,032-880-5413,,인천광역시 미추홀구 주안5동,인천광역시 미추홀구청,,,2021-05-31
주안국가산단역,버스정류장 표지판으로부터 10미터 이내 구역,인천광역시,미추홀구,버스정류장,인천광역시 미추홀구 간접흡연 피해방지에 관한 조례,,30000,032-880-5413,,인천광역시 미추홀구 주안5동,인천광역시 미추홀구청,,,2021-05-31
SK스카이뷰104동,버스정류장 표지판으로부터 10미터 이내 구역,인천광역시,미추홀구,버스정류장,인천광역시 미추홀구 간접흡연 피해방지에 관한 조례,,30000,032-880-5413,,인천광역시 미추홀구 용현5동,인천광역시 미추홀구청,,,2021-05-31
SK스카이뷰,버스정류장 표지판으로부터 10미터 이내 구역,인천광역시,미추홀구,버스정류장,인천광역시 미추홀구 간접흡연 피해방지에 관한 조례,,30000,032-880-5413,,인천광역시 미추홀구 용현5동,인천광역시 미추홀구청,,,2021-05-31
SK스카이뷰109동,버스정류장 표지판으로부터 10미터 이내 구역,인천광역시,미추홀구,버스정류장,인천광역시 미추홀구 간접흡연 피해방지에 관한 조례,,30000,032-880-5413,,인천광역시 미추홀구 용현5동,인천광역시 미추홀구청,,,2021-05-31
도화e편한세상아파트,버스정류장 표지판으로부터 10미터 이내 구역,인천광역시,미추홀구,버스정류장,인천광역시 미추홀구 간접흡연 피해방지에 관한 조례,,30000,032-880-5413,,인천광역시 미추홀구 도화3동,인천광역시 미추홀구청,,,2021-05-31
도화e편한세상아파트,버스정류장 표지판으로부터 10미터 이내 구역,인천광역시,미추홀구,버스정류장,인천광역시 미추홀구 간접흡연 피해방지에 관한 조례,,30000,032-880-5413,,인천광역시 미추홀구 도화3동,인천광역시 미추홀구청,,,2021-05-31
인천비즈니스고등학교,버스정류장 표지판으로부터 10미터 이내 구역,인천광역시,미추홀구,버스정류장,인천광역시 미추홀구 간접흡연 피해방지에 관한 조례,,30000,032-880-5413,,인천광역시 미추홀구 도화2동,인천광역시 미추홀구청,,,2021-05-31
인천비지니스고등학교,버스정류장 표지판으로부터 10미터 이내 구역,인천광역시,미추홀구,버스정류장,인천광역시 미추홀구 간접흡연 피해방지에 관한 조례,,30000,032-880-5413,,인천광역시 미추홀구 도화2동,인천광역시 미추홀구청,,,2021-05-31
주안역환승정류장,버스정류장 표지판으로부터 10미터 이내 구역,인천광역시,미추홀구,버스정류장,인천광역시 미추홀구 간접흡연 피해방지에 관한 조례,,30000,032-880-5413,,인천광역시 미추홀구 주안1동,인천광역시 미추홀구청,,,2021-05-31
서화초등학교(도화e편한세상),버스정류장 표지판으로부터 10미터 이내 구역,인천광역시,미추홀구,버스정류장,인천광역시 미추홀구 간접흡연 피해방지에 관한 조례,,30000,032-880-5413,,인천광역시 미추홀구 도화3동,인천광역시 미추홀구청,,,2021-05-31
도화e편한세상아파트5단지,버스정류장 표지판으로부터 10미터 이내 구역,인천광역시,미추홀구,버스정류장,인천광역시 미추홀구 간접흡연 피해방지에 관한 조례,,30000,032-880-5413,,인천광역시 미추홀구 도화2동,인천광역시 미추홀구청,,,2021-05-31
도화e편한세상아파트6단지,버스정류장 표지판으로부터 10미터 이내 구역,인천광역시,미추홀구,버스정류장,인천광역시 미추홀구 간접흡연 피해방지에 관한 조례,,30000,032-880-5413,,인천광역시 미추홀구 도화2동,인천광역시 미추홀구청,,,2021-05-31
도화역,버스정류장 표지판으로부터 10미터 이내 구역,인천광역시,미추홀구,버스정류장,인천광역시 미추홀구 간접흡연 피해방지에 관한 조례,,30000,032-880-5413,,인천광역시 미추홀구 도화2동,인천광역시 미추홀구청,,,2021-05-31
청운대후문,버스정류장 표지판으로부터 10미터 이내 구역,인천광역시,미추홀구,버스정류장,인천광역시 미추홀구 간접흡연 피해방지에 관한 조례,,30000,032-880-5413,,인천광역시 미추홀구 도화2동,인천광역시 미추홀구청,,,2021-05-31
청운대후문,버스정류장 표지판으로부터 10미터 이내 구역,인천광역시,미추홀구,버스정류장,인천광역시 미추홀구 간접흡연 피해방지에 관한 조례,,30000,032-880-5413,,인천광역시 미추홀구 도화2동,인천광역시 미추홀구청,,,2021-05-31
미추홀퍼스트(3단지),버스정류장 표지판으로부터 10미터 이내 구역,인천광역시,미추홀구,버스정류장,인천광역시 미추홀구 간접흡연 피해방지에 관한 조례,,30000,032-880-5413,,인천광역시 미추홀구 용현동,인천광역시 미추홀구청,,,2021-05-31
도원가로공원,버스정류장 표지판으로부터 10미터 이내 구역,인천광역시,미추홀구,버스정류장,인천광역시 미추홀구 간접흡연 피해방지에 관한 조례,,30000,032-880-5413,,인천광역시 미추홀구 숭의3동,인천광역시 미추홀구청,,,2021-05-31
인천터미널역,버스정류장 표지판으로부터 10미터 이내 구역,인천광역시,미추홀구,버스정류장,인천광역시 미추홀구 간접흡연 피해방지에 관한 조례,,30000,032-880-5413,,인천광역시 미추홀구 관교동,인천광역시 미추홀구청,,,2021-05-31
학익고등학교,버스정류장 표지판으로부터 10미터 이내 구역,인천광역시,미추홀구,버스정류장,인천광역시 미추홀구 간접흡연 피해방지에 관한 조례,,30000,032-880-5413,,인천광역시 미추홀구 학익1동,인천광역시 미추홀구청,,,2021-05-31
학익동성당앞,버스정류장 표지판으로부터 10미터 이내 구역,인천광역시,미추홀구,버스정류장,인천광역시 미추홀구 간접흡연 피해방지에 관한 조례,,30000,032-880-5413,,인천광역시 미추홀구 학익1동,인천광역시 미추홀구청,,,2021-05-31
교통방송사거리,버스정류장 표지판으로부터 10미터 이내 구역,인천광역시,미추홀구,버스정류장,인천광역시 미추홀구 간접흡연 피해방지에 관한 조례,,30000,032-880-5413,,인천광역시 미추홀구 용현5동,인천광역시 미추홀구청,,,2021-05-31
법원,버스정류장 표지판으로부터 10미터 이내 구역,인천광역시,미추홀구,버스정류장,인천광역시 미추홀구 간접흡연 피해방지에 관한 조례,,30000,032-880-5413,,인천광역시 미추홀구 학익2동,인천광역시 미추홀구청,,,2021-05-31
연흥아파트,버스정류장 표지판으로부터 10미터 이내 구역,인천광역시,미추홀구,버스정류장,인천광역시 미추홀구 간접흡연 피해방지에 관한 조례,,30000,032-880-5413,,인천광역시 미추홀구 주안8동,인천광역시 미추홀구청,,,2021-05-31
석암초등학교,버스정류장 표지판으로부터 10미터 이내 구역,인천광역시,미추홀구,버스정류장,인천광역시 미추홀구 간접흡연 피해방지에 관한 조례,,30000,032-880-5413,,인천광역시 미추홀구 주안8동,인천광역시 미추홀구청,,,2021-05-31
인천기계공고,버스정류장 표지판으로부터 10미터 이내 구역,인천광역시,미추홀구,버스정류장,인천광역시 미추홀구 간접흡연 피해방지에 관한 조례,,30000,032-880-5413,,인천광역시 미추홀구 주안2동,인천광역시 미추홀구청,,,2021-05-31
도화초등학교.수봉도서관,버스정류장 표지판으로부터 10미터 이내 구역,인천광역시,미추홀구,버스정류장,인천광역시 미추홀구 간접흡연 피해방지에 관한 조례,,30000,032-880-5413,,인천광역시 미추홀구 도화1동,인천광역시 미추홀구청,,,2021-05-31
남인천여자중학교,버스정류장 표지판으로부터 10미터 이내 구역,인천광역시,미추홀구,버스정류장,인천광역시 미추홀구 간접흡연 피해방지에 관한 조례,,30000,032-880-5413,,인천광역시 미추홀구 관교동,인천광역시 미추홀구청,,,2021-05-31
간석남부역(37435),택시승강장 표지판으로부터 10미터 이내 구역,인천광역시,미추홀구,택시승강장,인천광역시 미추홀구 간접흡연 피해방지에 관한 조례,,30000,032-880-5413,,인천광역시 미추홀구 간석동,인천광역시 미추홀구청,,,2021-05-31
도화역 2번출구,택시승강장 표지판으로부터 10미터 이내 구역,인천광역시,미추홀구,택시승강장,인천광역시 미추홀구 간접흡연 피해방지에 관한 조례,,30000,032-880-5413,,인천광역시 미추홀구 도화동,인천광역시 미추홀구청,,,2021-05-31
인천버스종합터미널,택시승강장 표지판으로부터 10미터 이내 구역,인천광역시,미추홀구,택시승강장,인천광역시 미추홀구 간접흡연 피해방지에 관한 조례,,30000,032-880-5413,,인천광역시 미추홀구 관교동,인천광역시 미추홀구청,,,2021-05-31
인천지방법원(37096),택시승강장 표지판으로부터 10미터 이내 구역,인천광역시,미추홀구,택시승강장,인천광역시 미추홀구 간접흡연 피해방지에 관한 조례,,30000,032-880-5413,,인천광역시 미추홀구 학익동,인천광역시 미추홀구청,,,2021-05-31
제물포역 남광장,택시승강장 표지판으로부터 10미터 이내 구역,인천광역시,미추홀구,택시승강장,인천광역시 미추홀구 간접흡연 피해방지에 관한 조례,,30000,032-880-5413,,인천광역시 미추홀구 숭의동,인천광역시 미추홀구청,,,2021-05-31
제물포역 북광장,택시승강장 표지판으로부터 10미터 이내 구역,인천광역시,미추홀구,택시승강장,인천광역시 미추홀구 간접흡연 피해방지에 관한 조례,,30000,032-880-5413,,인천광역시 미추홀구 숭의동,인천광역시 미추홀구청,,,2021-05-31
숭의역 2번출구(37211),택시승강장 표지판으로부터 10미터 이내 구역,인천광역시,미추홀구,택시승강장,인천광역시 미추홀구 간접흡연 피해방지에 관한 조례,,30000,032-880-5413,,인천광역시 미추홀구 숭의동,인천광역시 미추홀구청,,,2021-05-31
인천터미널역 2번출구,택시승강장 표지판으로부터 10미터 이내 구역,인천광역시,미추홀구,택시승강장,인천광역시 미추홀구 간접흡연 피해방지에 관한 조례,,30000,032-880-5413,,인천광역시 미추홀구 관교동,인천광역시 미추홀구청,,,2021-05-31
인하대역 1번출구(37066),택시승강장 표지판으로부터 10미터 이내 구역,인천광역시,미추홀구,택시승강장,인천광역시 미추홀구 간접흡연 피해방지에 관한 조례,,30000,032-880-5413,,인천광역시 미추홀구 용현동,인천광역시 미추홀구청,,,2021-05-31
인하대역 7번출구(37091),택시승강장 표지판으로부터 10미터 이내 구역,인천광역시,미추홀구,택시승강장,인천광역시 미추홀구 간접흡연 피해방지에 관한 조례,,30000,032-880-5413,,인천광역시 미추홀구 용현동,인천광역시 미추홀구청,,,2021-05-31
주안역(37503),택시승강장 표지판으로부터 10미터 이내 구역,인천광역시,미추홀구,택시승강장,인천광역시 미추홀구 간접흡연 피해방지에 관한 조례,,30000,032-880-5413,,인천광역시 미추홀구 주안동,인천광역시 미추홀구청,,,2021-05-31
인천축구전용경기장(37558),택시승강장 표지판으로부터 10미터 이내 구역,인천광역시,미추홀구,택시승강장,인천광역시 미추홀구 간접흡연 피해방지에 관한 조례,,30000,032-880-5413,,인천광역시 미추홀구 숭의동,인천광역시 미추홀구청,,,2021-05-31
인천터미널 주변 보행로,금연거리,인천광역시,미추홀구,거리,인천광역시 미추홀구 간접흡연 피해방지에 관한 조례,,30000,032-880-5413,,인천광역시 미추홀구 관교동 15,인천광역시 미추홀구청,37.44250623,126.7015187,2021-05-31
주안역광장,금연광장,인천광역시,미추홀구,광장,인천광역시 미추홀구 간접흡연 피해방지에 관한 조례,,30000,032-880-5413,,인천광역시 미추홀구 주안동 125,인천광역시 미추홀구청,37.4649204,126.6806035,2021-05-31
제물포역광장,금연광장,인천광역시,미추홀구,광장,인천광역시 미추홀구 간접흡연 피해방지에 관한 조례,,30000,032-880-5413,,인천광역시 미추홀구 도화동 649-19,인천광역시 미추홀구청,37.4668031,126.6568696,2021-05-31
옛시민회관 쉼터,쉼터 전체,인천광역시,미추홀구,쉼터,인천광역시 미추홀구 간접흡연 피해방지에 관한 조례,,30000,032-880-5413,,인천광역시 미추홀구 주안동 190-4,인천광역시 미추홀구청,,,2021-05-31
장안마을 쉼터,쉼터 전체,인천광역시,미추홀구,쉼터,인천광역시 미추홀구 간접흡연 피해방지에 관한 조례,,30000,032-880-5413,,인천광역시 미추홀구 숭의동 168-10,인천광역시 미추홀구청,37.46221182,126.6466223,2021-05-31
학골 쉼터,쉼터 전체,인천광역시,미추홀구,쉼터,인천광역시 미추홀구 간접흡연 피해방지에 관한 조례,,30000,032-880-5413,,인천광역시 미추홀구 학익동 312-115,인천광역시 미추홀구청,,,2021-05-31
선흥 쉼터,쉼터 전체,인천광역시,미추홀구,쉼터,인천광역시 미추홀구 간접흡연 피해방지에 관한 조례,,30000,032-880-5413,,인천광역시 미추홀구 주안동 1243,인천광역시 미추홀구청,,,2021-05-31
돌산 쉼터,쉼터 전체,인천광역시,미추홀구,쉼터,인천광역시 미추홀구 간접흡연 피해방지에 관한 조례,,30000,032-880-5413,,인천광역시 미추홀구 주안동 867-168,인천광역시 미추홀구청,,,2021-05-31
주안중앙2로길 쉼터,쉼터 전체,인천광역시,미추홀구,쉼터,인천광역시 미추홀구 간접흡연 피해방지에 관한 조례,,30000,032-880-5413,,인천광역시 미추홀구 주안동 94-15,인천광역시 미추홀구청,,,2021-05-31
용정 쉼터,쉼터 전체,인천광역시,미추홀구,쉼터,인천광역시 미추홀구 간접흡연 피해방지에 관한 조례,,30000,032-880-5413,,인천광역시 미추홀구 용현동 46-1,인천광역시 미추홀구청,,,2021-05-31
비룡 쉼터,쉼터 전체,인천광역시,미추홀구,쉼터,인천광역시 미추홀구 간접흡연 피해방지에 관한 조례,,30000,032-880-5413,,인천광역시 미추홀구 용현동 159-2,인천광역시 미추홀구청,37.45338191,126.6554303,2021-05-31
못안 쉼터,쉼터 전체,인천광역시,미추홀구,쉼터,인천광역시 미추홀구 간접흡연 피해방지에 관한 조례,,30000,032-880-5413,,인천광역시 미추홀구 도화동 98-20,인천광역시 미추홀구청,,,2021-05-31
주인공원 쉼터,쉼터 전체,인천광역시,미추홀구,쉼터,인천광역시 미추홀구 간접흡연 피해방지에 관한 조례,,30000,032-880-5413,,인천광역시 미추홀구 숭의동 248-92,인천광역시 미추홀구청,,,2021-05-31
수봉마을 쉼터,쉼터 전체,인천광역시,미추홀구,쉼터,인천광역시 미추홀구 간접흡연 피해방지에 관한 조례,,30000,032-880-5413,,인천광역시 미추홀구 주안동 659-2,인천광역시 미추홀구청,,,2021-05-31
쌍우물 쉼터,쉼터 전체,인천광역시,미추홀구,쉼터,인천광역시 미추홀구 간접흡연 피해방지에 관한 조례,,30000,032-880-5413,,인천광역시 미추홀구 용현동 492-280,인천광역시 미추홀구청,,,2021-05-31
개나리쉼터,쉼터 전체,인천광역시,미추홀구,쉼터,인천광역시 미추홀구 간접흡연 피해방지에 관한 조례,,30000,032-880-5413,,인천광역시 미추홀구 학익동 306,인천광역시 미추홀구청,,,2021-05-31
애향쉼터,쉼터 전체,인천광역시,미추홀구,쉼터,인천광역시 미추홀구 간접흡연 피해방지에 관한 조례,,30000,032-880-5413,,인천광역시 미추홀구 도화동 119-64,인천광역시 미추홀구청,,,2021-05-31
주안역1번출입구,지하철역 출입구로부터 10미터 이내 구역,인천광역시,미추홀구,지하철역 출입구,인천광역시 미추홀구 간접흡연 피해방지에 관한 조례,,30000,032-880-5413,,인천광역시 미추홀구 주안동 235-2,인천광역시 미추홀구청,37.46498257,126.6806038,2021-05-31
주안역2번출입구,지하철역 출입구로부터 10미터 이내 구역,인천광역시,미추홀구,지하철역 출입구,인천광역시 미추홀구 간접흡연 피해방지에 관한 조례,,30000,032-880-5413,,인천광역시 미추홀구 주안동 235-2,인천광역시 미추홀구청,37.46498257,126.6806038,2021-05-31
주안역3번출입구,지하철역 출입구로부터 10미터 이내 구역,인천광역시,미추홀구,지하철역 출입구,인천광역시 미추홀구 간접흡연 피해방지에 관한 조례,,30000,032-880-5413,,인천광역시 미추홀구 주안동 30-3,인천광역시 미추홀구청,,,2021-05-31
주안역4번출입구,지하철역 출입구로부터 10미터 이내 구역,인천광역시,미추홀구,지하철역 출입구,인천광역시 미추홀구 간접흡연 피해방지에 관한 조례,,30000,032-880-5413,,인천광역시 미추홀구 주안동 30-3,인천광역시 미추홀구청,,,2021-05-31
도화역1번출입구,지하철역 출입구로부터 10미터 이내 구역,인천광역시,미추홀구,지하철역 출입구,인천광역시 미추홀구 간접흡연 피해방지에 관한 조례,,30000,032-880-5413,,인천광역시 미추홀구 도화동 584-5,인천광역시 미추홀구청,,,2021-05-31
도화역2번출입구,지하철역 출입구로부터 10미터 이내 구역,인천광역시,미추홀구,지하철역 출입구,인천광역시 미추홀구 간접흡연 피해방지에 관한 조례,,30000,032-880-5413,,인천광역시 미추홀구 도화동 575-20,인천광역시 미추홀구청,,,2021-05-31
도화역3번출입구,지하철역 출입구로부터 10미터 이내 구역,인천광역시,미추홀구,지하철역 출입구,인천광역시 미추홀구 간접흡연 피해방지에 관한 조례,,30000,032-880-5413,,인천광역시 미추홀구 도화동 284,인천광역시 미추홀구청,37.46630996,126.667963,2021-05-31
도화역4번출입구,지하철역 출입구로부터 10미터 이내 구역,인천광역시,미추홀구,지하철역 출입구,인천광역시 미추홀구 간접흡연 피해방지에 관한 조례,,30000,032-880-5413,,인천광역시 미추홀구 도화동 284,인천광역시 미추홀구청,37.46624511,126.6685341,2021-05-31
제물포역1번출입구,지하철역 출입구로부터 10미터 이내 구역,인천광역시,미추홀구,지하철역 출입구,인천광역시 미추홀구 간접흡연 피해방지에 관한 조례,,30000,032-880-5413,,인천광역시 미추홀구 도화동 649-19,인천광역시 미추홀구청,37.4668031,126.6568696,2021-05-31
제물포역2번출입구,지하철역 출입구로부터 10미터 이내 구역,인천광역시,미추홀구,지하철역 출입구,인천광역시 미추홀구 간접흡연 피해방지에 관한 조례,,30000,032-880-5413,,인천광역시 미추홀구 도화동 81-1,인천광역시 미추홀구청,37.46693482,126.6564,2021-05-31
간석역1번출입구,지하철역 출입구로부터 10미터 이내 구역,인천광역시,미추홀구,지하철역 출입구,인천광역시 미추홀구 간접흡연 피해방지에 관한 조례,,30000,032-880-5413,,인천광역시 미추홀구 주안동 45,인천광역시 미추홀구청,37.46413306,126.6940422,2021-05-31
인천터미널역1번출입구,지하철역 출입구로부터 10미터 이내 구역,인천광역시,미추홀구,지하철역 출입구,인천광역시 미추홀구 간접흡연 피해방지에 관한 조례,,30000,032-880-5413,,인천광역시 미추홀구 관교동 14,인천광역시 미추홀구청,37.44190495,126.6996909,2021-05-31
인천터미널역2번출입구,지하철역 출입구로부터 10미터 이내 구역,인천광역시,미추홀구,지하철역 출입구,인천광역시 미추홀구 간접흡연 피해방지에 관한 조례,,30000,032-880-5413,,인천광역시 미추홀구 관교동 14,인천광역시 미추홀구청,37.44190495,126.6996909,2021-05-31
인천터미널역3번출입구,지하철역 출입구로부터 10미터 이내 구역,인천광역시,미추홀구,지하철역 출입구,인천광역시 미추홀구 간접흡연 피해방지에 관한 조례,,30000,032-880-5413,,인천광역시 미추홀구 관교동 14,인천광역시 미추홀구청,37.44190585,126.6996904,2021-05-31
인천터미널역4번출입구,지하철역 출입구로부터 10미터 이내 구역,인천광역시,미추홀구,지하철역 출입구,인천광역시 미추홀구 간접흡연 피해방지에 관한 조례,,30000,032-880-5413,,인천광역시 미추홀구 관교동 14,인천광역시 미추홀구청,37.44190585,126.6996904,2021-05-31
인천터미널역5번출입구,지하철역 출입구로부터 10미터 이내 구역,인천광역시,미추홀구,지하철역 출입구,인천광역시 미추홀구 간접흡연 피해방지에 관한 조례,,30000,032-880-5413,,인천광역시 미추홀구 관교동 16,인천광역시 미추홀구청,37.44190585,126.6996904,2021-05-31
인천터미널역6번출입구,지하철역 출입구로부터 10미터 이내 구역,인천광역시,미추홀구,지하철역 출입구,인천광역시 미추홀구 간접흡연 피해방지에 관한 조례,,30000,032-880-5413,,인천광역시 미추홀구 관교동 16,인천광역시 미추홀구청,37.44190585,126.6996904,2021-05-31
문학경기장역2번출입구,지하철역 출입구로부터 10미터 이내 구역,인천광역시,미추홀구,지하철역 출입구,인천광역시 미추홀구 간접흡연 피해방지에 관한 조례,,30000,032-880-5413,,인천광역시 미추홀구 문학동 산70,인천광역시 미추홀구청,37.4347199,126.6970706,2021-05-31
숭의역1번출입구,지하철역 출입구로부터 10미터 이내 구역,인천광역시,미추홀구,지하철역 출입구,인천광역시 미추홀구 간접흡연 피해방지에 관한 조례,,30000,032-880-5413,,인천광역시 미추홀구 숭의동 441-85,인천광역시 미추홀구청,37.4609589,126.638487,2021-05-31
숭의역2번출입구,지하철역 출입구로부터 10미터 이내 구역,인천광역시,미추홀구,지하철역 출입구,인천광역시 미추홀구 간접흡연 피해방지에 관한 조례,,30000,032-880-5413,,인천광역시 미추홀구 숭의동 417-167,인천광역시 미추홀구청,37.4609589,126.638487,2021-05-31
숭의역4번출입구,지하철역 출입구로부터 10미터 이내 구역,인천광역시,미추홀구,지하철역 출입구,인천광역시 미추홀구 간접흡연 피해방지에 관한 조례,,30000,032-880-5413,,인천광역시 미추홀구 숭의동 379-72,인천광역시 미추홀구청,37.4609589,126.638487,2021-05-31
인하대역1번출입구,지하철역 출입구로부터 10미터 이내 구역,인천광역시,미추홀구,지하철역 출입구,인천광역시 미추홀구 간접흡연 피해방지에 관한 조례,,30000,032-880-5413,,인천광역시 미추홀구 용현동 303-4,인천광역시 미추홀구청,37.44764231,,2021-05-31
인하대역2번출입구,지하철역 출입구로부터 10미터 이내 구역,인천광역시,미추홀구,지하철역 출입구,인천광역시 미추홀구 간접흡연 피해방지에 관한 조례,,30000,032-880-5413,,인천광역시 미추홀구 용현동 303-4,인천광역시 미추홀구청,37.4491127,126.6497568,2021-05-31
인하대역3번출입구,지하철역 출입구로부터 10미터 이내 구역,인천광역시,미추홀구,지하철역 출입구,인천광역시 미추홀구 간접흡연 피해방지에 관한 조례,,30000,032-880-5413,,인천광역시 미추홀구 용현동 308-22,인천광역시 미추홀구청,37.4491127,126.6497568,2021-05-31
인하대역4번출입구,지하철역 출입구로부터 10미터 이내 구역,인천광역시,미추홀구,지하철역 출입구,인천광역시 미추홀구 간접흡연 피해방지에 관한 조례,,30000,032-880-5413,,인천광역시 미추홀구 용현동 312-8,인천광역시 미추홀구청,37.4491127,126.6497568,2021-05-31
인하대역5번출입구,지하철역 출입구로부터 10미터 이내 구역,인천광역시,미추홀구,지하철역 출입구,인천광역시 미추홀구 간접흡연 피해방지에 관한 조례,,30000,032-880-5413,,인천광역시 미추홀구 용현동 312-8,인천광역시 미추홀구청,37.4491127,126.6497568,2021-05-31
인하대역6번출입구,지하철역 출입구로부터 10미터 이내 구역,인천광역시,미추홀구,지하철역 출입구,인천광역시 미추홀구 간접흡연 피해방지에 관한 조례,,30000,032-880-5413,,인천광역시 미추홀구 학익동 720-1,인천광역시 미추홀구청,37.44827768,126.6504836,2021-05-31
인하대역7번출입구,지하철역 출입구로부터 10미터 이내 구역,인천광역시,미추홀구,지하철역 출입구,인천광역시 미추홀구 간접흡연 피해방지에 관한 조례,,30000,032-880-5413,,인천광역시 미추홀구 학익동 292-1,인천광역시 미추홀구청,37.44772522,126.6502856,2021-05-31
주안국가산단역(J밸리)2번출입구,지하철역 출입구로부터 10미터 이내 구역,인천광역시,미추홀구,지하철역 출입구,인천광역시 미추홀구 간접흡연 피해방지에 관한 조례,,30000,032-880-5413,,인천광역시 미추홀구 도화동 1381-6,인천광역시 미추홀구청,37.47337783,126.6808504,2021-05-31
주안역5번출입구,지하철역 출입구로부터 10미터 이내 구역,인천광역시,미추홀구,지하철역 출입구,인천광역시 미추홀구 간접흡연 피해방지에 관한 조례,,30000,032-880-5413,,인천광역시 미추홀구 주안동 125,인천광역시 미추홀구청,37.46498257,126.6806038,2021-05-31
주안역6번출입구,지하철역 출입구로부터 10미터 이내 구역,인천광역시,미추홀구,지하철역 출입구,인천광역시 미추홀구 간접흡연 피해방지에 관한 조례,,30000,032-880-5413,,인천광역시 미추홀구 주안동 125,인천광역시 미추홀구청,37.46498257,126.6806038,2021-05-31
시민공원역1번출입구,지하철역 출입구로부터 10미터 이내 구역,인천광역시,미추홀구,지하철역 출입구,인천광역시 미추홀구 간접흡연 피해방지에 관한 조례,,30000,032-880-5413,,인천광역시 미추홀구 주안동 189,인천광역시 미추홀구청,37.4587451,126.6779286,2021-05-31
시민공원역2번출입구,지하철역 출입구로부터 10미터 이내 구역,인천광역시,미추홀구,지하철역 출입구,인천광역시 미추홀구 간접흡연 피해방지에 관한 조례,,30000,032-880-5413,,인천광역시 미추홀구 주안동 189,인천광역시 미추홀구청,37.45874429,126.6779264,2021-05-31
석바위시장역1번출입구,지하철역 출입구로부터 10미터 이내 구역,인천광역시,미추홀구,지하철역 출입구,인천광역시 미추홀구 간접흡연 피해방지에 관한 조례,,30000,032-880-5413,,인천광역시 미추홀구 주안동 1597,인천광역시 미추홀구청,37.45782073,126.692461,2021-05-31
석바위시장역2번출입구,지하철역 출입구로부터 10미터 이내 구역,인천광역시,미추홀구,지하철역 출입구,인천광역시 미추홀구 간접흡연 피해방지에 관한 조례,,30000,032-880-5413,,인천광역시 미추홀구 주안동 1597,인천광역시 미추홀구청,37.45782073,126.692461,2021-05-31
(주)에스케이셀프서비스주유소,주유소 전체,인천광역시,미추홀구,주유소,인천광역시 미추홀구 간접흡연 피해방지에 관한 조례,,30000,032-880-5413,인천광역시 미추홀구 소성로 32 (용현동),,인천광역시 미추홀구청,37.44708125,126.6529983,2021-05-31
(주)인하주유소,주유소 전체,인천광역시,미추홀구,주유소,인천광역시 미추홀구 간접흡연 피해방지에 관한 조례,,30000,032-880-5413,인천광역시 미추홀구 인하로 130 (용현동),,인천광역시 미추홀구청,37.44940027,126.6625188,2021-05-31
(주)한진 인천터미널주유소,주유소 전체,인천광역시,미추홀구,주유소,인천광역시 미추홀구 간접흡연 피해방지에 관한 조례,,30000,032-880-5413,인천광역시 미추홀구 연남로 35 (관교동),,인천광역시 미추홀구청,37.44250623,126.7015187,2021-05-31
KH에너지(주)직영청도1주유소,주유소 전체,인천광역시,미추홀구,주유소,인천광역시 미추홀구 간접흡연 피해방지에 관한 조례,,30000,032-880-5413,인천광역시 미추홀구 경원대로 813-9 (주안동),,인천광역시 미추홀구청,37.45517142,126.6890938,2021-05-31
SK에너지(주)남강주유소,주유소 전체,인천광역시,미추홀구,주유소,인천광역시 미추홀구 간접흡연 피해방지에 관한 조례,,30000,032-880-5413,인천광역시 미추홀구 인주대로 43 (숭의동),,인천광역시 미추홀구청,37.45970952,126.6428675,2021-05-31
SK에너지(주)문학주유소,주유소 전체,인천광역시,미추홀구,주유소,인천광역시 미추홀구 간접흡연 피해방지에 관한 조례,,30000,032-880-5413,인천광역시 미추홀구 매소홀로 574 (문학동),,인천광역시 미추홀구청,37.43823278,126.6857896,2021-05-31
건융주유소,주유소 전체,인천광역시,미추홀구,주유소,인천광역시 미추홀구 간접흡연 피해방지에 관한 조례,,30000,032-880-5413,인천광역시 미추홀구 한나루로 459 (용현동),,인천광역시 미추홀구청,37.44793625,126.6673604,2021-05-31
공성주유소,주유소 전체,인천광역시,미추홀구,주유소,인천광역시 미추홀구 간접흡연 피해방지에 관한 조례,,30000,032-880-5413,인천광역시 미추홀구 인주대로 59 (숭의동),,인천광역시 미추홀구청,37.45904788,126.6445319,2021-05-31
관교동주유소,주유소 전체,인천광역시,미추홀구,주유소,인천광역시 미추홀구 간접흡연 피해방지에 관한 조례,,30000,032-880-5413,인천광역시 미추홀구 경원대로 654 (관교동),,인천광역시 미추홀구청,37.4417268,126.693228,2021-05-31
다솜주유소,주유소 전체,인천광역시,미추홀구,주유소,인천광역시 미추홀구 간접흡연 피해방지에 관한 조례,,30000,032-880-5413,인천광역시 미추홀구 한나루로 482 (주안동),,인천광역시 미추홀구청,37.44996948,126.6675892,2021-05-31
동원주유소,주유소 전체,인천광역시,미추홀구,주유소,인천광역시 미추홀구 간접흡연 피해방지에 관한 조례,,30000,032-880-5413,인천광역시 미추홀구 참외전로 343 (숭의동),,인천광역시 미추홀구청,37.46644643,126.6523506,2021-05-31
동일석유(주)영남주유소,주유소 전체,인천광역시,미추홀구,주유소,인천광역시 미추홀구 간접흡연 피해방지에 관한 조례,,30000,032-880-5413,인천광역시 미추홀구 주안로 22 (도화동),,인천광역시 미추홀구청,37.46375329,126.6720737,2021-05-31
명보주유소,주유소 전체,인천광역시,미추홀구,주유소,인천광역시 미추홀구 간접흡연 피해방지에 관한 조례,,30000,032-880-5413,인천광역시 미추홀구 인하로 217 (주안동),,인천광역시 미추홀구청,37.44873486,126.6722792,2021-05-31
박문주유소,주유소 전체,인천광역시,미추홀구,주유소,인천광역시 미추홀구 간접흡연 피해방지에 관한 조례,,30000,032-880-5413,인천광역시 미추홀구 석정로 146 (숭의동),,인천광역시 미추홀구청,37.4681873,126.651384,2021-05-31
백악관주유소,주유소 전체,인천광역시,미추홀구,주유소,인천광역시 미추홀구 간접흡연 피해방지에 관한 조례,,30000,032-880-5413,인천광역시 미추홀구 경인로 413 (주안동),,인천광역시 미추홀구청,37.45831199,126.685997,2021-05-31
비전주유소,주유소 전체,인천광역시,미추홀구,주유소,인천광역시 미추홀구 간접흡연 피해방지에 관한 조례,,30000,032-880-5413,인천광역시 미추홀구 석정로 429 (주안동),,인천광역시 미추홀구청,37.46686457,126.6831402,2021-05-31
서해주유소,주유소 전체,인천광역시,미추홀구,주유소,인천광역시 미추홀구 간접흡연 피해방지에 관한 조례,,30000,032-880-5413,인천광역시 미추홀구 한나루로 580 (도화동),,인천광역시 미추홀구청,37.4576879,126.6718514,2021-05-31
석암주유소,주유소 전체,인천광역시,미추홀구,주유소,인천광역시 미추홀구 간접흡연 피해방지에 관한 조례,,30000,032-880-5413,인천광역시 미추홀구 구월로 35 (주안동),,인천광역시 미추홀구청,37.45775721,126.6940601,2021-05-31
에스지씨솔루션㈜인천1지점,주유소 전체,인천광역시,미추홀구,주유소,인천광역시 미추홀구 간접흡연 피해방지에 관한 조례,,30000,032-880-5413,인천광역시 미추홀구 아암대로253번길 14 (학익동),,인천광역시 미추홀구청,37.43959923,126.63437,2021-05-31
에스지씨솔루션㈜인천2지점,주유소 전체,인천광역시,미추홀구,주유소,인천광역시 미추홀구 간접흡연 피해방지에 관한 조례,,30000,032-880-5413,인천광역시 미추홀구 노적산로 1 (학익동),,인천광역시 미추홀구청,37.44338699,126.650359,2021-05-31
장안석유(주) 장안주유소,주유소 전체,인천광역시,미추홀구,주유소,인천광역시 미추홀구 간접흡연 피해방지에 관한 조례,,30000,032-880-5413,인천광역시 미추홀구 독배로492번길 42 (숭의동),,인천광역시 미추홀구청,37.46311225,126.6458259,2021-05-31
정원주유소,주유소 전체,인천광역시,미추홀구,주유소,인천광역시 미추홀구 간접흡연 피해방지에 관한 조례,,30000,032-880-5413,"인천광역시 미추홀구 인주대로 457, 4동 (주안동)",,인천광역시 미추홀구청,37.4511522,126.687627,2021-05-31
정해주유소개발(주)인천주유소,주유소 전체,인천광역시,미추홀구,주유소,인천광역시 미추홀구 간접흡연 피해방지에 관한 조례,,30000,032-880-5413,인천광역시 미추홀구 인주대로 286 (주안동),,인천광역시 미추홀구청,37.45175378,126.6680177,2021-05-31
제물포하이웨이주유소,주유소 전체,인천광역시,미추홀구,주유소,인천광역시 미추홀구 간접흡연 피해방지에 관한 조례,,30000,032-880-5413,인천광역시 미추홀구 경인로 194 (도화동),,인천광역시 미추홀구청,37.46508557,126.6641349,2021-05-31
㈜그린에너지 경인터미널,주유소 전체,인천광역시,미추홀구,주유소,인천광역시 미추홀구 간접흡연 피해방지에 관한 조례,,30000,032-880-5413,인천광역시 미추홀구 봉수대로 54 (도화동),,인천광역시 미추홀구청,37.48129491,126.6575332,2021-05-31
최고주유소,주유소 전체,인천광역시,미추홀구,주유소,인천광역시 미추홀구 간접흡연 피해방지에 관한 조례,,30000,032-880-5413,인천광역시 미추홀구 석정로 498 (주안동),,인천광역시 미추홀구청,37.46558074,126.6910039,2021-05-31
큰나무주유소,주유소 전체,인천광역시,미추홀구,주유소,인천광역시 미추홀구 간접흡연 피해방지에 관한 조례,,30000,032-880-5413,인천광역시 미추홀구 매소홀로 536 (문학동),,인천광역시 미추홀구청,37.43839941,126.6814244,2021-05-31
탑주유소,주유소 전체,인천광역시,미추홀구,주유소,인천광역시 미추홀구 간접흡연 피해방지에 관한 조례,,30000,032-880-5413,인천광역시 미추홀구 송림로 217 (도화동),,인천광역시 미추홀구청,37.47561833,126.6569798,2021-05-31
태운주유소,주유소 전체,인천광역시,미추홀구,주유소,인천광역시 미추홀구 간접흡연 피해방지에 관한 조례,,30000,032-880-5413,인천광역시 미추홀구 독배로 171 (학익동),,인천광역시 미추홀구청,37.43586931,126.6473238,2021-05-31
통일주유소,주유소 전체,인천광역시,미추홀구,주유소,인천광역시 미추홀구 간접흡연 피해방지에 관한 조례,,30000,032-880-5413,인천광역시 미추홀구 인주대로 189 (용현동),,인천광역시 미추홀구청,37.45559359,126.6579621,2021-05-31
학익셀프주유소,주유소 전체,인천광역시,미추홀구,주유소,인천광역시 미추홀구 간접흡연 피해방지에 관한 조례,,30000,032-880-5413,인천광역시 미추홀구 소성로 154 (학익동),,인천광역시 미추홀구청,37.4421968,126.6654415,2021-05-31
현대오일뱅크㈜직영 미추홀셀프주유소,주유소 전체,인천광역시,미추홀구,주유소,인천광역시 미추홀구 간접흡연 피해방지에 관한 조례,,30000,032-880-5413,인천광역시 미추홀구 인주대로 394 (주안동),,인천광역시 미추홀구청,37.45104329,126.6802912,2021-05-31
현대오일뱅크㈜직영 인천셀프주유소,주유소 전체,인천광역시,미추홀구,주유소,인천광역시 미추홀구 간접흡연 피해방지에 관한 조례,,30000,032-880-5413,인천광역시 미추홀구 송림로 328 (도화동),,인천광역시 미추홀구청,37.47587918,126.6694713,2021-05-31
황금주유소,주유소 전체,인천광역시,미추홀구,주유소,인천광역시 미추홀구 간접흡연 피해방지에 관한 조례,,30000,032-880-5413,인천광역시 미추홀구 소성로 253 (학익동),,인천광역시 미추홀구청,37.43856676,126.6759349,2021-05-31
(주)고속주유소,주유소 전체,인천광역시,미추홀구,주유소,인천광역시 미추홀구 간접흡연 피해방지에 관한 조례,,30000,032-880-5413,인천광역시 미추홀구 아암대로 128 (용현동),,인천광역시 미추홀구청,37.45094768,126.6305626,2021-05-31
